myid,depot,eff_date,day,pullout2,swingdur,swingdursec,runno,start,arrive,finish,worktime,pay,leave,r1,b1,potype1,pot1,pitype1,pit1,stime1,stimeint1,start22,r2,b2,potype2,pot2,pitype2,pit2,stime2,stimeint2,start23,r3,b3,potype3,pot3,pitype3,pit3,stime3,stimeint3,start24,r4,b4,potype4,pot4,pitype4,pit4,stime4,stimeint4,start25,r5,b5,potype5,pot5,pitype5,pit5,stime5,stimeint5,start26,r6,b6,potype6,pot6,pitype6,pit6,stime6,stimeint6,start27,r7,b7,potype7,pot7,pitype7,pit7,stime7,stimeint7,start28,r8,b8,potype8,pot8,pitype8,pit8,stime8,stimeint8,start29,r9,b9,potype9,pot9,pitype9,pit9,stime9,stimeint9,start210,r10,b10,potype10,pot10,pitype10,pit10,stime10,stimeint10,sum1, sum12,sum2, sum22,sum3, sum32,sum4, sum42,sum5, sum52,sum6, sum62,sum7, sum72,sum8, sum82,sum9, sum92,sum10, sum102,
MidvaleSaturday101,Midvale,2-28-2026,Saturday,,,,101,2023-10-11 05:33 AM,,2023-10-11 2:29 PM,8:46,9.2,,2,3475,O,05:48 AM,I,02:27 PM,8:39,519,,,,,,,,,,,,,,,,,,,,,,,,,,,,,,,,,,,,,,,,,,,,,,,,,,,,,,,,,,,,,,,,,,,,,,,,,,,,,,,,,,RTE: 2 SCHD: 8:39,--> O: 05:48 AM > I: 02:27 PM,,,,,,,,,,,,,,,,,,,
MidvaleSaturday102,Midvale,2-28-2026,Saturday,,,,102,2023-10-11 06:03 AM,,2023-10-11 4:06 PM,9:53,10.8,,2,3476,O,06:18 AM,CG,01:21 PM,7:03,423,,57,3476,CG,01:21 PM,I,04:04 PM,2:43,163,,,,,,,,,,,,,,,,,,,,,,,,,,,,,,,,,,,,,,,,,,,,,,,,,,,,,,,,,,,,,,,,,,,,,,,,,RTE: 2 SCHD: 7:03,--> O: 06:18 AM > CG: 01:21 PM,RTE: 57 SCHD: 2:43,--> CG: 01:21 PM > I: 04:04 PM,,,,,,,,,,,,,,,,,
MidvaleSaturday103,Midvale,2-28-2026,Saturday,,,,103,2023-10-11 02:27 PM,,2023-10-11 10:45 PM,8:08,8.2,,2,3477,O,02:42 PM,CG,05:10 PM,2:28,148,,56,3477,CG,05:10 PM,I,10:43 PM,5:33,333,,,,,,,,,,,,,,,,,,,,,,,,,,,,,,,,,,,,,,,,,,,,,,,,,,,,,,,,,,,,,,,,,,,,,,,,,RTE: 2 SCHD: 2:28,--> O: 02:42 PM > CG: 05:10 PM,RTE: 56 SCHD: 5:33,--> CG: 05:10 PM > I: 10:43 PM,,,,,,,,,,,,,,,,,
MidvaleSaturday104,Midvale,2-28-2026,Saturday,,,,104,2023-10-11 04:57 PM,,2023-10-12 2:15 AM,9:08,9.7,,2,3478,O,05:12 PM,I,02:13 AM,9:01,541,,,,,,,,,,,,,,,,,,,,,,,,,,,,,,,,,,,,,,,,,,,,,,,,,,,,,,,,,,,,,,,,,,,,,,,,,,,,,,,,,,RTE: 2 SCHD: 9:01,--> O: 05:12 PM > I: 02:13 AM,,,,,,,,,,,,,,,,,,,
MidvaleSaturday105,Midvale,2-28-2026,Saturday,,,,105,2023-10-11 05:27 PM,,2023-10-12 3:20 AM,9:43,10.6,,2,3479,O,05:42 PM,CG,08:47 PM,3:05,185,,23-45,3479,CG,08:47 PM,I,03:18 AM,6:31,391,,,,,,,,,,,,,,,,,,,,,,,,,,,,,,,,,,,,,,,,,,,,,,,,,,,,,,,,,,,,,,,,,,,,,,,,,RTE: 2 SCHD: 3:05,--> O: 05:42 PM > CG: 08:47 PM,RTE: 23-45 SCHD: 6:31,--> CG: 08:47 PM > I: 03:18 AM,,,,,,,,,,,,,,,,,
MidvaleSaturday501,Midvale,2-28-2026,Saturday,,,,501,2023-10-11 04:44 AM,,2023-10-11 2:08 PM,9:14,9.9,,4-16,3801,O,04:59 AM,I,02:06 PM,9:07,547,,,,,,,,,,,,,,,,,,,,,,,,,,,,,,,,,,,,,,,,,,,,,,,,,,,,,,,,,,,,,,,,,,,,,,,,,,,,,,,,,,RTE: 4-16 SCHD: 9:07,--> O: 04:59 AM > I: 02:06 PM,,,,,,,,,,,,,,,,,,,
MidvaleSaturday502,Midvale,2-28-2026,Saturday,,,,502,2023-10-11 05:11 AM,,2023-10-11 2:05 PM,8:44,9.1,,4-16,3802,O,05:26 AM,CG,08:35 AM,3:09,189,,47,3802,CG,08:35 AM,I,02:03 PM,5:28,328,,,,,,,,,,,,,,,,,,,,,,,,,,,,,,,,,,,,,,,,,,,,,,,,,,,,,,,,,,,,,,,,,,,,,,,,,RTE: 4-16 SCHD: 3:09,--> O: 05:26 AM > CG: 08:35 AM,RTE: 47 SCHD: 5:28,--> CG: 08:35 AM > I: 02:03 PM,,,,,,,,,,,,,,,,,
MidvaleSaturday503,Midvale,2-28-2026,Saturday,,,,503,2023-10-11 05:40 AM,,2023-10-11 1:54 PM,8:04,8.1,,4-16,3803,O,05:55 AM,I,01:52 PM,7:57,477,,,,,,,,,,,,,,,,,,,,,,,,,,,,,,,,,,,,,,,,,,,,,,,,,,,,,,,,,,,,,,,,,,,,,,,,,,,,,,,,,,RTE: 4-16 SCHD: 7:57,--> O: 05:55 AM > I: 01:52 PM,,,,,,,,,,,,,,,,,,,
MidvaleSaturday504,Midvale,2-28-2026,Saturday,,,,504,2023-10-11 05:41 AM,,2023-10-11 3:36 PM,9:45,10.6,,4-16,3804,O,05:56 AM,I,03:34 PM,9:38,578,,,,,,,,,,,,,,,,,,,,,,,,,,,,,,,,,,,,,,,,,,,,,,,,,,,,,,,,,,,,,,,,,,,,,,,,,,,,,,,,,,RTE: 4-16 SCHD: 9:38,--> O: 05:56 AM > I: 03:34 PM,,,,,,,,,,,,,,,,,,,
MidvaleSaturday505,Midvale,2-28-2026,Saturday,,,,505,2023-10-11 06:08 AM,,2023-10-11 4:19 PM,10:01,11.0,,4-16,3805,O,06:23 AM,I,04:17 PM,9:54,594,,,,,,,,,,,,,,,,,,,,,,,,,,,,,,,,,,,,,,,,,,,,,,,,,,,,,,,,,,,,,,,,,,,,,,,,,,,,,,,,,,RTE: 4-16 SCHD: 9:54,--> O: 06:23 AM > I: 04:17 PM,,,,,,,,,,,,,,,,,,,
MidvaleSaturday506,Midvale,2-28-2026,Saturday,,,,506,2023-10-11 06:40 AM,,2023-10-11 5:14 PM,10:24,11.6,,4-16,3806,O,06:55 AM,I,05:12 PM,10:17,617,,,,,,,,,,,,,,,,,,,,,,,,,,,,,,,,,,,,,,,,,,,,,,,,,,,,,,,,,,,,,,,,,,,,,,,,,,,,,,,,,,RTE: 4-16 SCHD: 10:17,--> O: 06:55 AM > I: 05:12 PM,,,,,,,,,,,,,,,,,,,
MidvaleSaturday507,Midvale,2-28-2026,Saturday,11:08 AM,1Hrs 5Min,3900,507,2023-10-11 07:07 AM,,2023-10-11 5:05 PM,9:48,10.7,,4-16,3807,O,07:22 AM,I,10:03 AM,2:41,161,,56,3609,O,11:08 AM,I,05:03 PM,5:55,355,,,,,,,,,,,,,,,,,,,,,,,,,,,,,,,,,,,,,,,,,,,,,,,,,,,,,,,,,,,,,,,,,,,,,,,,,RTE: 4-16 SCHD: 2:41,--> O: 07:22 AM > I: 10:03 AM,RTE: 56 SCHD: 5:55,--> O: 11:08 AM > I: 05:03 PM,,,,,,,,,,,,,,,,,
MidvaleSaturday508,Midvale,2-28-2026,Saturday,,,,508,2023-10-11 07:40 AM,,2023-10-11 4:07 PM,8:17,8.4,,4-16,3808,O,07:55 AM,I,04:05 PM,8:10,490,,,,,,,,,,,,,,,,,,,,,,,,,,,,,,,,,,,,,,,,,,,,,,,,,,,,,,,,,,,,,,,,,,,,,,,,,,,,,,,,,,RTE: 4-16 SCHD: 8:10,--> O: 07:55 AM > I: 04:05 PM,,,,,,,,,,,,,,,,,,,
MidvaleSaturday509,Midvale,2-28-2026,Saturday,,,,509,2023-10-11 09:08 AM,,2023-10-11 5:10 PM,7:52,8.0,,4-16,3810,O,09:23 AM,CG,02:54 PM,5:31,331,,26,3810,CG,02:54 PM,I,05:08 PM,2:14,134,,,,,,,,,,,,,,,,,,,,,,,,,,,,,,,,,,,,,,,,,,,,,,,,,,,,,,,,,,,,,,,,,,,,,,,,,RTE: 4-16 SCHD: 5:31,--> O: 09:23 AM > CG: 02:54 PM,RTE: 26 SCHD: 2:14,--> CG: 02:54 PM > I: 05:08 PM,,,,,,,,,,,,,,,,,
MidvaleSaturday510,Midvale,2-28-2026,Saturday,,,,510,2023-10-11 09:39 AM,,2023-10-11 5:58 PM,8:09,8.2,,4-16,3812,O,09:54 AM,CG,03:40 PM,5:46,346,,26,3812,CG,03:40 PM,I,05:56 PM,2:16,136,,,,,,,,,,,,,,,,,,,,,,,,,,,,,,,,,,,,,,,,,,,,,,,,,,,,,,,,,,,,,,,,,,,,,,,,,RTE: 4-16 SCHD: 5:46,--> O: 09:54 AM > CG: 03:40 PM,RTE: 26 SCHD: 2:16,--> CG: 03:40 PM > I: 05:56 PM,,,,,,,,,,,,,,,,,
MidvaleSaturday511,Midvale,2-28-2026,Saturday,,,,511,2023-10-11 08:05 AM,,2023-10-11 6:08 PM,9:53,10.8,,4-16,3809,O,08:20 AM,I,06:06 PM,9:46,586,,,,,,,,,,,,,,,,,,,,,,,,,,,,,,,,,,,,,,,,,,,,,,,,,,,,,,,,,,,,,,,,,,,,,,,,,,,,,,,,,,RTE: 4-16 SCHD: 9:46,--> O: 08:20 AM > I: 06:06 PM,,,,,,,,,,,,,,,,,,,
MidvaleSaturday512,Midvale,2-28-2026,Saturday,,,,512,2023-10-11 10:01 AM,,2023-10-11 6:18 PM,8:07,8.2,,4-16,3813,O,10:16 AM,I,06:16 PM,8:00,480,,,,,,,,,,,,,,,,,,,,,,,,,,,,,,,,,,,,,,,,,,,,,,,,,,,,,,,,,,,,,,,,,,,,,,,,,,,,,,,,,,RTE: 4-16 SCHD: 8:00,--> O: 10:16 AM > I: 06:16 PM,,,,,,,,,,,,,,,,,,,
MidvaleSaturday513,Midvale,2-28-2026,Saturday,,,,513,2023-10-11 12:01 PM,,2023-10-11 7:55 PM,7:44,8.0,,4-16,3814,O,12:16 PM,I,07:53 PM,7:37,457,,,,,,,,,,,,,,,,,,,,,,,,,,,,,,,,,,,,,,,,,,,,,,,,,,,,,,,,,,,,,,,,,,,,,,,,,,,,,,,,,,RTE: 4-16 SCHD: 7:37,--> O: 12:16 PM > I: 07:53 PM,,,,,,,,,,,,,,,,,,,
MidvaleSaturday514,Midvale,2-28-2026,Saturday,,,,514,2023-10-11 09:30 AM,,2023-10-11 8:15 PM,10:35,11.9,,4-16,3811,O,09:45 AM,CG,05:15 PM,7:30,450,,26,3811,CG,05:15 PM,I,08:13 PM,2:58,178,,,,,,,,,,,,,,,,,,,,,,,,,,,,,,,,,,,,,,,,,,,,,,,,,,,,,,,,,,,,,,,,,,,,,,,,,RTE: 4-16 SCHD: 7:30,--> O: 09:45 AM > CG: 05:15 PM,RTE: 26 SCHD: 2:58,--> CG: 05:15 PM > I: 08:13 PM,,,,,,,,,,,,,,,,,
MidvaleSaturday515,Midvale,2-28-2026,Saturday,,,,515,2023-10-11 01:29 PM,,2023-10-11 9:07 PM,7:28,8.0,,4-16,3815,O,01:44 PM,I,09:05 PM,7:21,441,,,,,,,,,,,,,,,,,,,,,,,,,,,,,,,,,,,,,,,,,,,,,,,,,,,,,,,,,,,,,,,,,,,,,,,,,,,,,,,,,,RTE: 4-16 SCHD: 7:21,--> O: 01:44 PM > I: 09:05 PM,,,,,,,,,,,,,,,,,,,
MidvaleSaturday516,Midvale,2-28-2026,Saturday,,,,516,2023-10-11 02:14 PM,,2023-10-12 1:00 AM,10:36,11.9,,4-16,3816,O,02:29 PM,CG,09:47 PM,7:18,438,,71-81,3816,CG,09:47 PM,I,12:58 AM,3:11,191,,,,,,,,,,,,,,,,,,,,,,,,,,,,,,,,,,,,,,,,,,,,,,,,,,,,,,,,,,,,,,,,,,,,,,,,,RTE: 4-16 SCHD: 7:18,--> O: 02:29 PM > CG: 09:47 PM,RTE: 71-81 SCHD: 3:11,--> CG: 09:47 PM > I: 12:58 AM,,,,,,,,,,,,,,,,,
MidvaleSaturday517,Midvale,2-28-2026,Saturday,,,,517,2023-10-11 03:21 PM,,2023-10-12 1:27 AM,9:56,10.9,,4-16,3817,O,03:36 PM,I,01:25 AM,9:49,589,,,,,,,,,,,,,,,,,,,,,,,,,,,,,,,,,,,,,,,,,,,,,,,,,,,,,,,,,,,,,,,,,,,,,,,,,,,,,,,,,,RTE: 4-16 SCHD: 9:49,--> O: 03:36 PM > I: 01:25 AM,,,,,,,,,,,,,,,,,,,
MidvaleSaturday518,Midvale,2-28-2026,Saturday,,,,518,2023-10-11 03:29 PM,,2023-10-12 1:47 AM,10:08,11.2,,4-16,3818,O,03:44 PM,CG,06:50 PM,3:06,186,,47,3818,CG,06:50 PM,I,01:45 AM,6:55,415,,,,,,,,,,,,,,,,,,,,,,,,,,,,,,,,,,,,,,,,,,,,,,,,,,,,,,,,,,,,,,,,,,,,,,,,,RTE: 4-16 SCHD: 3:06,--> O: 03:44 PM > CG: 06:50 PM,RTE: 47 SCHD: 6:55,--> CG: 06:50 PM > I: 01:45 AM,,,,,,,,,,,,,,,,,
MidvaleSaturday519,Midvale,2-28-2026,Saturday,,,,519,2023-10-11 05:23 PM,,2023-10-12 2:05 AM,8:32,8.8,,4-16,3821,O,05:38 PM,I,02:03 AM,8:25,505,,,,,,,,,,,,,,,,,,,,,,,,,,,,,,,,,,,,,,,,,,,,,,,,,,,,,,,,,,,,,,,,,,,,,,,,,,,,,,,,,,RTE: 4-16 SCHD: 8:25,--> O: 05:38 PM > I: 02:03 AM,,,,,,,,,,,,,,,,,,,
MidvaleSaturday520,Midvale,2-28-2026,Saturday,,,,520,2023-10-11 05:00 PM,,2023-10-12 2:13 AM,9:03,9.6,,4-16,3820,O,05:15 PM,CG,10:50 PM,5:35,335,,51,3820,CG,10:50 PM,I,02:11 AM,3:21,201,,,,,,,,,,,,,,,,,,,,,,,,,,,,,,,,,,,,,,,,,,,,,,,,,,,,,,,,,,,,,,,,,,,,,,,,,RTE: 4-16 SCHD: 5:35,--> O: 05:15 PM > CG: 10:50 PM,RTE: 51 SCHD: 3:21,--> CG: 10:50 PM > I: 02:11 AM,,,,,,,,,,,,,,,,,
MidvaleSaturday521,Midvale,2-28-2026,Saturday,,,,521,2023-10-11 04:36 PM,,2023-10-12 2:40 AM,9:54,10.9,,4-16,3819,O,04:51 PM,I,02:38 AM,9:47,587,,,,,,,,,,,,,,,,,,,,,,,,,,,,,,,,,,,,,,,,,,,,,,,,,,,,,,,,,,,,,,,,,,,,,,,,,,,,,,,,,,RTE: 4-16 SCHD: 9:47,--> O: 04:51 PM > I: 02:38 AM,,,,,,,,,,,,,,,,,,,
MidvaleSaturday522,Midvale,2-28-2026,Saturday,,,,522,2023-10-11 05:49 PM,,2023-10-12 2:41 AM,8:42,9.1,,4-16,3822,O,06:04 PM,I,02:39 AM,8:35,515,,,,,,,,,,,,,,,,,,,,,,,,,,,,,,,,,,,,,,,,,,,,,,,,,,,,,,,,,,,,,,,,,,,,,,,,,,,,,,,,,,RTE: 4-16 SCHD: 8:35,--> O: 06:04 PM > I: 02:39 AM,,,,,,,,,,,,,,,,,,,
MidvaleSaturday1,Midvale,2-28-2026,Saturday,,,,1,2023-10-11 02:35 AM,,2023-10-11 11:08 AM,8:23,8.6,,18,3001,O,02:50 AM,I,11:06 AM,8:16,496,,,,,,,,,,,,,,,,,,,,,,,,,,,,,,,,,,,,,,,,,,,,,,,,,,,,,,,,,,,,,,,,,,,,,,,,,,,,,,,,,,RTE: 18 SCHD: 8:16,--> O: 02:50 AM > I: 11:06 AM,,,,,,,,,,,,,,,,,,,
MidvaleSaturday2,Midvale,2-28-2026,Saturday,,,,2,2023-10-11 03:35 AM,,2023-10-11 11:34 AM,7:49,8.0,,18,3002,O,03:50 AM,I,11:32 AM,7:42,462,,,,,,,,,,,,,,,,,,,,,,,,,,,,,,,,,,,,,,,,,,,,,,,,,,,,,,,,,,,,,,,,,,,,,,,,,,,,,,,,,,RTE: 18 SCHD: 7:42,--> O: 03:50 AM > I: 11:32 AM,,,,,,,,,,,,,,,,,,,
MidvaleSaturday3,Midvale,2-28-2026,Saturday,,,,3,2023-10-11 04:00 AM,,2023-10-11 1:33 PM,9:23,10.1,,18,3003,O,04:15 AM,I,01:31 PM,9:16,556,,,,,,,,,,,,,,,,,,,,,,,,,,,,,,,,,,,,,,,,,,,,,,,,,,,,,,,,,,,,,,,,,,,,,,,,,,,,,,,,,,RTE: 18 SCHD: 9:16,--> O: 04:15 AM > I: 01:31 PM,,,,,,,,,,,,,,,,,,,
MidvaleSaturday4,Midvale,2-28-2026,Saturday,,,,4,2023-10-11 04:58 AM,,2023-10-11 2:47 PM,9:39,10.5,,18,3004,O,05:13 AM,I,02:45 PM,9:32,572,,,,,,,,,,,,,,,,,,,,,,,,,,,,,,,,,,,,,,,,,,,,,,,,,,,,,,,,,,,,,,,,,,,,,,,,,,,,,,,,,,RTE: 18 SCHD: 9:32,--> O: 05:13 AM > I: 02:45 PM,,,,,,,,,,,,,,,,,,,
MidvaleSaturday5,Midvale,2-28-2026,Saturday,,,,5,2023-10-11 05:39 AM,,2023-10-11 2:16 PM,8:27,8.7,,18,3005,O,05:54 AM,I,02:14 PM,8:20,500,,,,,,,,,,,,,,,,,,,,,,,,,,,,,,,,,,,,,,,,,,,,,,,,,,,,,,,,,,,,,,,,,,,,,,,,,,,,,,,,,,RTE: 18 SCHD: 8:20,--> O: 05:54 AM > I: 02:14 PM,,,,,,,,,,,,,,,,,,,
MidvaleSaturday6,Midvale,2-28-2026,Saturday,,,,6,2023-10-11 05:58 AM,,2023-10-11 3:45 PM,9:37,10.4,,18,3006,O,06:13 AM,I,03:43 PM,9:30,570,,,,,,,,,,,,,,,,,,,,,,,,,,,,,,,,,,,,,,,,,,,,,,,,,,,,,,,,,,,,,,,,,,,,,,,,,,,,,,,,,,RTE: 18 SCHD: 9:30,--> O: 06:13 AM > I: 03:43 PM,,,,,,,,,,,,,,,,,,,
MidvaleSaturday7,Midvale,2-28-2026,Saturday,,,,7,2023-10-11 06:38 AM,,2023-10-11 5:00 PM,10:12,11.3,,18,3007,O,06:53 AM,I,04:58 PM,10:05,605,,,,,,,,,,,,,,,,,,,,,,,,,,,,,,,,,,,,,,,,,,,,,,,,,,,,,,,,,,,,,,,,,,,,,,,,,,,,,,,,,,RTE: 18 SCHD: 10:05,--> O: 06:53 AM > I: 04:58 PM,,,,,,,,,,,,,,,,,,,
MidvaleSaturday8,Midvale,2-28-2026,Saturday,,,,8,2023-10-11 07:12 AM,,2023-10-11 5:38 PM,10:16,11.4,,18,3008,O,07:27 AM,I,05:36 PM,10:09,609,,,,,,,,,,,,,,,,,,,,,,,,,,,,,,,,,,,,,,,,,,,,,,,,,,,,,,,,,,,,,,,,,,,,,,,,,,,,,,,,,,RTE: 18 SCHD: 10:09,--> O: 07:27 AM > I: 05:36 PM,,,,,,,,,,,,,,,,,,,
MidvaleSaturday9,Midvale,2-28-2026,Saturday,,,,9,2023-10-11 07:23 AM,,2023-10-11 5:44 PM,10:11,11.3,,18,3009,O,07:38 AM,I,05:42 PM,10:04,604,,,,,,,,,,,,,,,,,,,,,,,,,,,,,,,,,,,,,,,,,,,,,,,,,,,,,,,,,,,,,,,,,,,,,,,,,,,,,,,,,,RTE: 18 SCHD: 10:04,--> O: 07:38 AM > I: 05:42 PM,,,,,,,,,,,,,,,,,,,
MidvaleSaturday10,Midvale,2-28-2026,Saturday,,,,10,2023-10-11 08:52 AM,,2023-10-11 5:53 PM,8:51,9.3,,18,3010,O,09:07 AM,I,05:51 PM,8:44,524,,,,,,,,,,,,,,,,,,,,,,,,,,,,,,,,,,,,,,,,,,,,,,,,,,,,,,,,,,,,,,,,,,,,,,,,,,,,,,,,,,RTE: 18 SCHD: 8:44,--> O: 09:07 AM > I: 05:51 PM,,,,,,,,,,,,,,,,,,,
MidvaleSaturday11,Midvale,2-28-2026,Saturday,,,,11,2023-10-11 09:33 AM,,2023-10-11 6:45 PM,9:02,9.6,,18,3011,O,09:48 AM,I,06:43 PM,8:55,535,,,,,,,,,,,,,,,,,,,,,,,,,,,,,,,,,,,,,,,,,,,,,,,,,,,,,,,,,,,,,,,,,,,,,,,,,,,,,,,,,,RTE: 18 SCHD: 8:55,--> O: 09:48 AM > I: 06:43 PM,,,,,,,,,,,,,,,,,,,
MidvaleSaturday12,Midvale,2-28-2026,Saturday,,,,12,2023-10-11 11:17 AM,,2023-10-11 7:30 PM,8:03,8.1,,18,3013,O,11:32 AM,I,07:28 PM,7:56,476,,,,,,,,,,,,,,,,,,,,,,,,,,,,,,,,,,,,,,,,,,,,,,,,,,,,,,,,,,,,,,,,,,,,,,,,,,,,,,,,,,RTE: 18 SCHD: 7:56,--> O: 11:32 AM > I: 07:28 PM,,,,,,,,,,,,,,,,,,,
MidvaleSaturday13,Midvale,2-28-2026,Saturday,,,,13,2023-10-11 10:28 AM,,2023-10-11 7:57 PM,9:19,10.0,,18,3012,O,10:43 AM,CG,01:03 PM,2:20,140,,55,3012,CG,01:03 PM,I,07:55 PM,6:52,412,,,,,,,,,,,,,,,,,,,,,,,,,,,,,,,,,,,,,,,,,,,,,,,,,,,,,,,,,,,,,,,,,,,,,,,,,RTE: 18 SCHD: 2:20,--> O: 10:43 AM > CG: 01:03 PM,RTE: 55 SCHD: 6:52,--> CG: 01:03 PM > I: 07:55 PM,,,,,,,,,,,,,,,,,
MidvaleSaturday14,Midvale,2-28-2026,Saturday,,,,14,2023-10-11 12:14 PM,,2023-10-11 8:08 PM,7:44,8.0,,18,3014,O,12:29 PM,I,08:06 PM,7:37,457,,,,,,,,,,,,,,,,,,,,,,,,,,,,,,,,,,,,,,,,,,,,,,,,,,,,,,,,,,,,,,,,,,,,,,,,,,,,,,,,,,RTE: 18 SCHD: 7:37,--> O: 12:29 PM > I: 08:06 PM,,,,,,,,,,,,,,,,,,,
MidvaleSaturday15,Midvale,2-28-2026,Saturday,,,,15,2023-10-11 01:20 PM,,2023-10-11 9:27 PM,7:57,8.0,,18,3017,O,01:35 PM,I,09:25 PM,7:50,470,,,,,,,,,,,,,,,,,,,,,,,,,,,,,,,,,,,,,,,,,,,,,,,,,,,,,,,,,,,,,,,,,,,,,,,,,,,,,,,,,,RTE: 18 SCHD: 7:50,--> O: 01:35 PM > I: 09:25 PM,,,,,,,,,,,,,,,,,,,
MidvaleSaturday16,Midvale,2-28-2026,Saturday,,,,16,2023-10-11 12:52 PM,,2023-10-11 9:57 PM,8:55,9.4,,18,3015,O,01:07 PM,I,09:55 PM,8:48,528,,,,,,,,,,,,,,,,,,,,,,,,,,,,,,,,,,,,,,,,,,,,,,,,,,,,,,,,,,,,,,,,,,,,,,,,,,,,,,,,,,RTE: 18 SCHD: 8:48,--> O: 01:07 PM > I: 09:55 PM,,,,,,,,,,,,,,,,,,,
MidvaleSaturday17,Midvale,2-28-2026,Saturday,,,,17,2023-10-11 12:53 PM,,2023-10-11 10:00 PM,8:57,9.4,,18,3016,O,01:08 PM,I,09:58 PM,8:50,530,,,,,,,,,,,,,,,,,,,,,,,,,,,,,,,,,,,,,,,,,,,,,,,,,,,,,,,,,,,,,,,,,,,,,,,,,,,,,,,,,,RTE: 18 SCHD: 8:50,--> O: 01:08 PM > I: 09:58 PM,,,,,,,,,,,,,,,,,,,
MidvaleSaturday18,Midvale,2-28-2026,Saturday,,,,18,2023-10-11 02:34 PM,,2023-10-12 12:42 AM,9:58,11.0,,18,3018,O,02:49 PM,I,12:40 AM,9:51,591,,,,,,,,,,,,,,,,,,,,,,,,,,,,,,,,,,,,,,,,,,,,,,,,,,,,,,,,,,,,,,,,,,,,,,,,,,,,,,,,,,RTE: 18 SCHD: 9:51,--> O: 02:49 PM > I: 12:40 AM,,,,,,,,,,,,,,,,,,,
MidvaleSaturday19,Midvale,2-28-2026,Saturday,,,,19,2023-10-11 04:38 PM,,2023-10-12 2:04 AM,9:16,9.9,,18,3021,O,04:53 PM,I,02:02 AM,9:09,549,,,,,,,,,,,,,,,,,,,,,,,,,,,,,,,,,,,,,,,,,,,,,,,,,,,,,,,,,,,,,,,,,,,,,,,,,,,,,,,,,,RTE: 18 SCHD: 9:09,--> O: 04:53 PM > I: 02:02 AM,,,,,,,,,,,,,,,,,,,
MidvaleSaturday20,Midvale,2-28-2026,Saturday,,,,20,2023-10-11 03:46 PM,,2023-10-12 2:05 AM,10:09,11.2,,18,3019,O,04:01 PM,I,02:03 AM,10:02,602,,,,,,,,,,,,,,,,,,,,,,,,,,,,,,,,,,,,,,,,,,,,,,,,,,,,,,,,,,,,,,,,,,,,,,,,,,,,,,,,,,RTE: 18 SCHD: 10:02,--> O: 04:01 PM > I: 02:03 AM,,,,,,,,,,,,,,,,,,,
MidvaleSaturday21,Midvale,2-28-2026,Saturday,,,,21,2023-10-11 05:25 PM,,2023-10-12 2:21 AM,8:46,9.2,,18,3022,O,05:40 PM,I,02:19 AM,8:39,519,,,,,,,,,,,,,,,,,,,,,,,,,,,,,,,,,,,,,,,,,,,,,,,,,,,,,,,,,,,,,,,,,,,,,,,,,,,,,,,,,,RTE: 18 SCHD: 8:39,--> O: 05:40 PM > I: 02:19 AM,,,,,,,,,,,,,,,,,,,
MidvaleSaturday22,Midvale,2-28-2026,Saturday,,,,22,2023-10-11 05:44 PM,,2023-10-12 2:30 AM,8:36,8.9,,18,3023,O,05:59 PM,I,02:28 AM,8:29,509,,,,,,,,,,,,,,,,,,,,,,,,,,,,,,,,,,,,,,,,,,,,,,,,,,,,,,,,,,,,,,,,,,,,,,,,,,,,,,,,,,RTE: 18 SCHD: 8:29,--> O: 05:59 PM > I: 02:28 AM,,,,,,,,,,,,,,,,,,,
MidvaleSaturday23,Midvale,2-28-2026,Saturday,,,,23,2023-10-11 04:38 PM,,2023-10-12 2:46 AM,9:58,11.0,,18,3020,O,04:53 PM,I,02:44 AM,9:51,591,,,,,,,,,,,,,,,,,,,,,,,,,,,,,,,,,,,,,,,,,,,,,,,,,,,,,,,,,,,,,,,,,,,,,,,,,,,,,,,,,,RTE: 18 SCHD: 9:51,--> O: 04:53 PM > I: 02:44 AM,,,,,,,,,,,,,,,,,,,
MidvaleSaturday251,Midvale,2-28-2026,Saturday,,,,251,2023-10-11 03:58 AM,,2023-10-11 2:13 PM,10:05,11.1,,22,3241,O,04:13 AM,I,02:11 PM,9:58,598,,,,,,,,,,,,,,,,,,,,,,,,,,,,,,,,,,,,,,,,,,,,,,,,,,,,,,,,,,,,,,,,,,,,,,,,,,,,,,,,,,RTE: 22 SCHD: 9:58,--> O: 04:13 AM > I: 02:11 PM,,,,,,,,,,,,,,,,,,,
MidvaleSaturday252,Midvale,2-28-2026,Saturday,,,,252,2023-10-11 04:21 AM,,2023-10-11 1:14 PM,8:43,9.1,,22,3242,O,04:36 AM,I,01:12 PM,8:36,516,,,,,,,,,,,,,,,,,,,,,,,,,,,,,,,,,,,,,,,,,,,,,,,,,,,,,,,,,,,,,,,,,,,,,,,,,,,,,,,,,,RTE: 22 SCHD: 8:36,--> O: 04:36 AM > I: 01:12 PM,,,,,,,,,,,,,,,,,,,
MidvaleSaturday253,Midvale,2-28-2026,Saturday,,,,253,2023-10-11 04:56 AM,,2023-10-11 2:43 PM,9:37,10.4,,22,3243,O,05:11 AM,I,02:41 PM,9:30,570,,,,,,,,,,,,,,,,,,,,,,,,,,,,,,,,,,,,,,,,,,,,,,,,,,,,,,,,,,,,,,,,,,,,,,,,,,,,,,,,,,RTE: 22 SCHD: 9:30,--> O: 05:11 AM > I: 02:41 PM,,,,,,,,,,,,,,,,,,,
MidvaleSaturday254,Midvale,2-28-2026,Saturday,,,,254,2023-10-11 05:54 AM,,2023-10-11 3:13 PM,9:09,9.7,,22,3244,O,06:09 AM,I,03:11 PM,9:02,542,,,,,,,,,,,,,,,,,,,,,,,,,,,,,,,,,,,,,,,,,,,,,,,,,,,,,,,,,,,,,,,,,,,,,,,,,,,,,,,,,,RTE: 22 SCHD: 9:02,--> O: 06:09 AM > I: 03:11 PM,,,,,,,,,,,,,,,,,,,
MidvaleSaturday255,Midvale,2-28-2026,Saturday,,,,255,2023-10-11 06:01 AM,,2023-10-11 3:43 PM,9:32,10.3,,22,3245,O,06:16 AM,I,03:41 PM,9:25,565,,,,,,,,,,,,,,,,,,,,,,,,,,,,,,,,,,,,,,,,,,,,,,,,,,,,,,,,,,,,,,,,,,,,,,,,,,,,,,,,,,RTE: 22 SCHD: 9:25,--> O: 06:16 AM > I: 03:41 PM,,,,,,,,,,,,,,,,,,,
MidvaleSaturday256,Midvale,2-28-2026,Saturday,,,,256,2023-10-11 12:46 PM,,2023-10-11 9:55 PM,8:59,9.5,,22,3246,O,01:01 PM,I,09:53 PM,8:52,532,,,,,,,,,,,,,,,,,,,,,,,,,,,,,,,,,,,,,,,,,,,,,,,,,,,,,,,,,,,,,,,,,,,,,,,,,,,,,,,,,,RTE: 22 SCHD: 8:52,--> O: 01:01 PM > I: 09:53 PM,,,,,,,,,,,,,,,,,,,
MidvaleSaturday257,Midvale,2-28-2026,Saturday,,,,257,2023-10-11 01:46 PM,,2023-10-11 10:27 PM,8:31,8.8,,22,3247,O,02:01 PM,CG,08:21 PM,6:20,380,,2,3247,CG,08:21 PM,I,10:25 PM,2:04,124,,,,,,,,,,,,,,,,,,,,,,,,,,,,,,,,,,,,,,,,,,,,,,,,,,,,,,,,,,,,,,,,,,,,,,,,,RTE: 22 SCHD: 6:20,--> O: 02:01 PM > CG: 08:21 PM,RTE: 2 SCHD: 2:04,--> CG: 08:21 PM > I: 10:25 PM,,,,,,,,,,,,,,,,,
MidvaleSaturday258,Midvale,2-28-2026,Saturday,,,,258,2023-10-11 02:47 PM,,2023-10-12 1:41 AM,10:44,12.1,,22,3248,O,03:02 PM,I,01:39 AM,10:37,637,,,,,,,,,,,,,,,,,,,,,,,,,,,,,,,,,,,,,,,,,,,,,,,,,,,,,,,,,,,,,,,,,,,,,,,,,,,,,,,,,,RTE: 22 SCHD: 10:37,--> O: 03:02 PM > I: 01:39 AM,,,,,,,,,,,,,,,,,,,
MidvaleSaturday259,Midvale,2-28-2026,Saturday,,,,259,2023-10-11 03:17 PM,,2023-10-12 1:44 AM,10:17,11.4,,22,3249,O,03:32 PM,I,01:42 AM,10:10,610,,,,,,,,,,,,,,,,,,,,,,,,,,,,,,,,,,,,,,,,,,,,,,,,,,,,,,,,,,,,,,,,,,,,,,,,,,,,,,,,,,RTE: 22 SCHD: 10:10,--> O: 03:32 PM > I: 01:42 AM,,,,,,,,,,,,,,,,,,,
MidvaleSaturday951,Midvale,2-28-2026,Saturday,,,,951,2023-10-11 02:55 AM,,2023-10-11 12:45 PM,9:40,10.5,,23-45,3151,O,03:10 AM,I,12:43 PM,9:33,573,,,,,,,,,,,,,,,,,,,,,,,,,,,,,,,,,,,,,,,,,,,,,,,,,,,,,,,,,,,,,,,,,,,,,,,,,,,,,,,,,,RTE: 23-45 SCHD: 9:33,--> O: 03:10 AM > I: 12:43 PM,,,,,,,,,,,,,,,,,,,
MidvaleSaturday952,Midvale,2-28-2026,Saturday,,,,952,2023-10-11 03:35 AM,,2023-10-11 12:00 PM,8:15,8.4,,23-45,3152,O,03:50 AM,I,11:58 AM,8:08,488,,,,,,,,,,,,,,,,,,,,,,,,,,,,,,,,,,,,,,,,,,,,,,,,,,,,,,,,,,,,,,,,,,,,,,,,,,,,,,,,,,RTE: 23-45 SCHD: 8:08,--> O: 03:50 AM > I: 11:58 AM,,,,,,,,,,,,,,,,,,,
MidvaleSaturday953,Midvale,2-28-2026,Saturday,,,,953,2023-10-11 04:16 AM,,2023-10-11 12:15 PM,7:49,8.0,,23-45,3153,O,04:31 AM,I,12:13 PM,7:42,462,,,,,,,,,,,,,,,,,,,,,,,,,,,,,,,,,,,,,,,,,,,,,,,,,,,,,,,,,,,,,,,,,,,,,,,,,,,,,,,,,,RTE: 23-45 SCHD: 7:42,--> O: 04:31 AM > I: 12:13 PM,,,,,,,,,,,,,,,,,,,
MidvaleSaturday954,Midvale,2-28-2026,Saturday,,,,954,2023-10-11 04:31 AM,,2023-10-11 12:30 PM,7:49,8.0,,23-45,3154,O,04:46 AM,I,12:28 PM,7:42,462,,,,,,,,,,,,,,,,,,,,,,,,,,,,,,,,,,,,,,,,,,,,,,,,,,,,,,,,,,,,,,,,,,,,,,,,,,,,,,,,,,RTE: 23-45 SCHD: 7:42,--> O: 04:46 AM > I: 12:28 PM,,,,,,,,,,,,,,,,,,,
MidvaleSaturday955,Midvale,2-28-2026,Saturday,,,,955,2023-10-11 04:45 AM,,2023-10-11 1:42 PM,8:47,9.2,,23-45,3155,O,05:00 AM,I,01:40 PM,8:40,520,,,,,,,,,,,,,,,,,,,,,,,,,,,,,,,,,,,,,,,,,,,,,,,,,,,,,,,,,,,,,,,,,,,,,,,,,,,,,,,,,,RTE: 23-45 SCHD: 8:40,--> O: 05:00 AM > I: 01:40 PM,,,,,,,,,,,,,,,,,,,
MidvaleSaturday956,Midvale,2-28-2026,Saturday,,,,956,2023-10-11 05:00 AM,,2023-10-11 1:28 PM,8:18,8.5,,23-45,3156,O,05:15 AM,I,01:26 PM,8:11,491,,,,,,,,,,,,,,,,,,,,,,,,,,,,,,,,,,,,,,,,,,,,,,,,,,,,,,,,,,,,,,,,,,,,,,,,,,,,,,,,,,RTE: 23-45 SCHD: 8:11,--> O: 05:15 AM > I: 01:26 PM,,,,,,,,,,,,,,,,,,,
MidvaleSaturday957,Midvale,2-28-2026,Saturday,,,,957,2023-10-11 05:05 AM,,2023-10-11 11:30 AM,6:15,8.0,,23-45,3157,O,05:20 AM,I,11:28 AM,6:08,368,,,,,,,,,,,,,,,,,,,,,,,,,,,,,,,,,,,,,,,,,,,,,,,,,,,,,,,,,,,,,,,,,,,,,,,,,,,,,,,,,,RTE: 23-45 SCHD: 6:08,--> O: 05:20 AM > I: 11:28 AM,,,,,,,,,,,,,,,,,,,
MidvaleSaturday958,Midvale,2-28-2026,Saturday,,,,958,2023-10-11 05:43 AM,,2023-10-11 4:52 PM,10:59,12.5,,23-45,3158,O,05:58 AM,I,04:50 PM,10:52,652,,,,,,,,,,,,,,,,,,,,,,,,,,,,,,,,,,,,,,,,,,,,,,,,,,,,,,,,,,,,,,,,,,,,,,,,,,,,,,,,,,RTE: 23-45 SCHD: 10:52,--> O: 05:58 AM > I: 04:50 PM,,,,,,,,,,,,,,,,,,,
MidvaleSaturday959,Midvale,2-28-2026,Saturday,,,,959,2023-10-11 05:56 AM,,2023-10-11 3:20 PM,9:14,9.9,,23-45,3159,O,06:11 AM,CG,09:31 AM,3:20,200,,56,3159,CG,09:31 AM,I,03:18 PM,5:47,347,,,,,,,,,,,,,,,,,,,,,,,,,,,,,,,,,,,,,,,,,,,,,,,,,,,,,,,,,,,,,,,,,,,,,,,,,RTE: 23-45 SCHD: 3:20,--> O: 06:11 AM > CG: 09:31 AM,RTE: 56 SCHD: 5:47,--> CG: 09:31 AM > I: 03:18 PM,,,,,,,,,,,,,,,,,
MidvaleSaturday960,Midvale,2-28-2026,Saturday,,,,960,2023-10-11 07:07 AM,,2023-10-11 4:00 PM,8:43,9.1,,23-45,3160,O,07:22 AM,I,03:58 PM,8:36,516,,,,,,,,,,,,,,,,,,,,,,,,,,,,,,,,,,,,,,,,,,,,,,,,,,,,,,,,,,,,,,,,,,,,,,,,,,,,,,,,,,RTE: 23-45 SCHD: 8:36,--> O: 07:22 AM > I: 03:58 PM,,,,,,,,,,,,,,,,,,,
MidvaleSaturday961,Midvale,2-28-2026,Saturday,,,,961,2023-10-11 09:36 AM,,2023-10-11 6:58 PM,9:12,9.8,,23-45,3161,O,09:51 AM,I,06:56 PM,9:05,545,,,,,,,,,,,,,,,,,,,,,,,,,,,,,,,,,,,,,,,,,,,,,,,,,,,,,,,,,,,,,,,,,,,,,,,,,,,,,,,,,,RTE: 23-45 SCHD: 9:05,--> O: 09:51 AM > I: 06:56 PM,,,,,,,,,,,,,,,,,,,
MidvaleSaturday962,Midvale,2-28-2026,Saturday,,,,962,2023-10-11 10:26 AM,,2023-10-11 7:38 PM,9:02,9.6,,23-45,3162,O,10:41 AM,I,07:36 PM,8:55,535,,,,,,,,,,,,,,,,,,,,,,,,,,,,,,,,,,,,,,,,,,,,,,,,,,,,,,,,,,,,,,,,,,,,,,,,,,,,,,,,,,RTE: 23-45 SCHD: 8:55,--> O: 10:41 AM > I: 07:36 PM,,,,,,,,,,,,,,,,,,,
MidvaleSaturday963,Midvale,2-28-2026,Saturday,,,,963,2023-10-11 10:39 AM,,2023-10-11 7:53 PM,9:04,9.6,,23-45,3163,O,10:54 AM,I,07:51 PM,8:57,537,,,,,,,,,,,,,,,,,,,,,,,,,,,,,,,,,,,,,,,,,,,,,,,,,,,,,,,,,,,,,,,,,,,,,,,,,,,,,,,,,,RTE: 23-45 SCHD: 8:57,--> O: 10:54 AM > I: 07:51 PM,,,,,,,,,,,,,,,,,,,
MidvaleSaturday964,Midvale,2-28-2026,Saturday,,,,964,2023-10-11 11:06 AM,,2023-10-11 8:24 PM,9:08,9.7,,23-45,3164,O,11:21 AM,I,08:22 PM,9:01,541,,,,,,,,,,,,,,,,,,,,,,,,,,,,,,,,,,,,,,,,,,,,,,,,,,,,,,,,,,,,,,,,,,,,,,,,,,,,,,,,,,RTE: 23-45 SCHD: 9:01,--> O: 11:21 AM > I: 08:22 PM,,,,,,,,,,,,,,,,,,,
MidvaleSaturday965,Midvale,2-28-2026,Saturday,,,,965,2023-10-11 11:19 AM,,2023-10-11 8:38 PM,9:09,9.7,,23-45,3165,O,11:34 AM,I,08:36 PM,9:02,542,,,,,,,,,,,,,,,,,,,,,,,,,,,,,,,,,,,,,,,,,,,,,,,,,,,,,,,,,,,,,,,,,,,,,,,,,,,,,,,,,,RTE: 23-45 SCHD: 9:02,--> O: 11:34 AM > I: 08:36 PM,,,,,,,,,,,,,,,,,,,
MidvaleSaturday966,Midvale,2-28-2026,Saturday,,,,966,2023-10-11 11:33 AM,,2023-10-11 8:52 PM,9:09,9.7,,23-45,3166,O,11:48 AM,I,08:50 PM,9:02,542,,,,,,,,,,,,,,,,,,,,,,,,,,,,,,,,,,,,,,,,,,,,,,,,,,,,,,,,,,,,,,,,,,,,,,,,,,,,,,,,,,RTE: 23-45 SCHD: 9:02,--> O: 11:48 AM > I: 08:50 PM,,,,,,,,,,,,,,,,,,,
MidvaleSaturday967,Midvale,2-28-2026,Saturday,,,,967,2023-10-11 11:57 AM,,2023-10-11 9:08 PM,9:01,9.5,,23-45,3167,O,12:12 PM,I,09:06 PM,8:54,534,,,,,,,,,,,,,,,,,,,,,,,,,,,,,,,,,,,,,,,,,,,,,,,,,,,,,,,,,,,,,,,,,,,,,,,,,,,,,,,,,,RTE: 23-45 SCHD: 8:54,--> O: 12:12 PM > I: 09:06 PM,,,,,,,,,,,,,,,,,,,
MidvaleSaturday968,Midvale,2-28-2026,Saturday,,,,968,2023-10-11 12:49 PM,,2023-10-11 9:40 PM,8:41,9.0,,23-45,3168,O,01:04 PM,CG,07:55 PM,6:51,411,,71-81,3168,CG,07:55 PM,I,09:38 PM,1:43,103,,,,,,,,,,,,,,,,,,,,,,,,,,,,,,,,,,,,,,,,,,,,,,,,,,,,,,,,,,,,,,,,,,,,,,,,,RTE: 23-45 SCHD: 6:51,--> O: 01:04 PM > CG: 07:55 PM,RTE: 71-81 SCHD: 1:43,--> CG: 07:55 PM > I: 09:38 PM,,,,,,,,,,,,,,,,,
MidvaleSaturday969,Midvale,2-28-2026,Saturday,,,,969,2023-10-11 01:41 PM,,2023-10-11 10:36 PM,8:45,9.1,,23-45,3169,O,01:56 PM,I,10:34 PM,8:38,518,,,,,,,,,,,,,,,,,,,,,,,,,,,,,,,,,,,,,,,,,,,,,,,,,,,,,,,,,,,,,,,,,,,,,,,,,,,,,,,,,,RTE: 23-45 SCHD: 8:38,--> O: 01:56 PM > I: 10:34 PM,,,,,,,,,,,,,,,,,,,
MidvaleSaturday970,Midvale,2-28-2026,Saturday,,,,970,2023-10-11 03:04 PM,,2023-10-11 11:36 PM,8:22,8.6,,23-45,3170,O,03:19 PM,I,11:34 PM,8:15,495,,,,,,,,,,,,,,,,,,,,,,,,,,,,,,,,,,,,,,,,,,,,,,,,,,,,,,,,,,,,,,,,,,,,,,,,,,,,,,,,,,RTE: 23-45 SCHD: 8:15,--> O: 03:19 PM > I: 11:34 PM,,,,,,,,,,,,,,,,,,,
MidvaleSaturday971,Midvale,2-28-2026,Saturday,,,,971,2023-10-11 06:46 PM,,2023-10-12 2:51 AM,7:55,8.0,,23-45,3172,O,07:01 PM,I,02:49 AM,7:48,468,,,,,,,,,,,,,,,,,,,,,,,,,,,,,,,,,,,,,,,,,,,,,,,,,,,,,,,,,,,,,,,,,,,,,,,,,,,,,,,,,,RTE: 23-45 SCHD: 7:48,--> O: 07:01 PM > I: 02:49 AM,,,,,,,,,,,,,,,,,,,
MidvaleSaturday972,Midvale,2-28-2026,Saturday,,,,972,2023-10-11 07:07 PM,,2023-10-12 3:26 AM,8:09,8.2,,23-45,3173,O,07:22 PM,I,03:24 AM,8:02,482,,,,,,,,,,,,,,,,,,,,,,,,,,,,,,,,,,,,,,,,,,,,,,,,,,,,,,,,,,,,,,,,,,,,,,,,,,,,,,,,,,RTE: 23-45 SCHD: 8:02,--> O: 07:22 PM > I: 03:24 AM,,,,,,,,,,,,,,,,,,,
MidvaleSaturday973,Midvale,2-28-2026,Saturday,,,,973,2023-10-11 06:25 PM,,2023-10-12 4:06 AM,9:31,10.3,,23-45,3171,O,06:40 PM,I,04:04 AM,9:24,564,,,,,,,,,,,,,,,,,,,,,,,,,,,,,,,,,,,,,,,,,,,,,,,,,,,,,,,,,,,,,,,,,,,,,,,,,,,,,,,,,,RTE: 23-45 SCHD: 9:24,--> O: 06:40 PM > I: 04:04 AM,,,,,,,,,,,,,,,,,,,
MidvaleSaturday901,Midvale,2-28-2026,Saturday,,,,901,2023-10-11 04:35 AM,,2023-10-11 3:12 PM,10:27,11.7,,26,3081,O,04:50 AM,I,03:10 PM,10:20,620,,,,,,,,,,,,,,,,,,,,,,,,,,,,,,,,,,,,,,,,,,,,,,,,,,,,,,,,,,,,,,,,,,,,,,,,,,,,,,,,,,RTE: 26 SCHD: 10:20,--> O: 04:50 AM > I: 03:10 PM,,,,,,,,,,,,,,,,,,,
MidvaleSaturday902,Midvale,2-28-2026,Saturday,,,,902,2023-10-11 05:05 AM,,2023-10-11 1:04 PM,7:49,8.0,,26,3082,O,05:20 AM,I,01:02 PM,7:42,462,,,,,,,,,,,,,,,,,,,,,,,,,,,,,,,,,,,,,,,,,,,,,,,,,,,,,,,,,,,,,,,,,,,,,,,,,,,,,,,,,,RTE: 26 SCHD: 7:42,--> O: 05:20 AM > I: 01:02 PM,,,,,,,,,,,,,,,,,,,
MidvaleSaturday903,Midvale,2-28-2026,Saturday,,,,903,2023-10-11 05:32 AM,,2023-10-11 2:47 PM,9:05,9.6,,26,3083,O,05:47 AM,I,02:45 PM,8:58,538,,,,,,,,,,,,,,,,,,,,,,,,,,,,,,,,,,,,,,,,,,,,,,,,,,,,,,,,,,,,,,,,,,,,,,,,,,,,,,,,,,RTE: 26 SCHD: 8:58,--> O: 05:47 AM > I: 02:45 PM,,,,,,,,,,,,,,,,,,,
MidvaleSaturday904,Midvale,2-28-2026,Saturday,,,,904,2023-10-11 08:47 AM,,2023-10-11 6:45 PM,9:48,10.7,,26,3084,O,09:02 AM,I,06:43 PM,9:41,581,,,,,,,,,,,,,,,,,,,,,,,,,,,,,,,,,,,,,,,,,,,,,,,,,,,,,,,,,,,,,,,,,,,,,,,,,,,,,,,,,,RTE: 26 SCHD: 9:41,--> O: 09:02 AM > I: 06:43 PM,,,,,,,,,,,,,,,,,,,
MidvaleSaturday905,Midvale,2-28-2026,Saturday,,,,905,2023-10-11 12:57 PM,,2023-10-11 8:29 PM,7:22,8.0,,26,3086,O,01:12 PM,CG,03:49 PM,2:37,157,,2,3086,CG,03:49 PM,I,08:27 PM,4:38,278,,,,,,,,,,,,,,,,,,,,,,,,,,,,,,,,,,,,,,,,,,,,,,,,,,,,,,,,,,,,,,,,,,,,,,,,,RTE: 26 SCHD: 2:37,--> O: 01:12 PM > CG: 03:49 PM,RTE: 2 SCHD: 4:38,--> CG: 03:49 PM > I: 08:27 PM,,,,,,,,,,,,,,,,,
MidvaleSaturday906,Midvale,2-28-2026,Saturday,,,,906,2023-10-11 12:32 PM,,2023-10-11 8:38 PM,7:56,8.0,,26,3085,O,12:47 PM,I,08:36 PM,7:49,469,,,,,,,,,,,,,,,,,,,,,,,,,,,,,,,,,,,,,,,,,,,,,,,,,,,,,,,,,,,,,,,,,,,,,,,,,,,,,,,,,,RTE: 26 SCHD: 7:49,--> O: 12:47 PM > I: 08:36 PM,,,,,,,,,,,,,,,,,,,
MidvaleSaturday907,Midvale,2-28-2026,Saturday,,,,907,2023-10-11 02:53 PM,,2023-10-12 12:36 AM,9:33,10.3,,26,3087,O,03:08 PM,I,12:34 AM,9:26,566,,,,,,,,,,,,,,,,,,,,,,,,,,,,,,,,,,,,,,,,,,,,,,,,,,,,,,,,,,,,,,,,,,,,,,,,,,,,,,,,,,RTE: 26 SCHD: 9:26,--> O: 03:08 PM > I: 12:34 AM,,,,,,,,,,,,,,,,,,,
MidvaleSaturday908,Midvale,2-28-2026,Saturday,,,,908,2023-10-11 05:41 PM,,2023-10-12 2:39 AM,8:48,9.2,,26,3088,O,05:56 PM,I,02:37 AM,8:41,521,,,,,,,,,,,,,,,,,,,,,,,,,,,,,,,,,,,,,,,,,,,,,,,,,,,,,,,,,,,,,,,,,,,,,,,,,,,,,,,,,,RTE: 26 SCHD: 8:41,--> O: 05:56 PM > I: 02:37 AM,,,,,,,,,,,,,,,,,,,
MidvaleSaturday751,Midvale,2-28-2026,Saturday,,,,751,2023-10-11 04:52 AM,,2023-10-11 2:01 PM,8:59,9.5,,32,3201,O,05:07 AM,I,01:59 PM,8:52,532,,,,,,,,,,,,,,,,,,,,,,,,,,,,,,,,,,,,,,,,,,,,,,,,,,,,,,,,,,,,,,,,,,,,,,,,,,,,,,,,,,RTE: 32 SCHD: 8:52,--> O: 05:07 AM > I: 01:59 PM,,,,,,,,,,,,,,,,,,,
MidvaleSaturday752,Midvale,2-28-2026,Saturday,,,,752,2023-10-11 05:22 AM,,2023-10-11 3:01 PM,9:29,10.2,,32,3202,O,05:37 AM,I,02:59 PM,9:22,562,,,,,,,,,,,,,,,,,,,,,,,,,,,,,,,,,,,,,,,,,,,,,,,,,,,,,,,,,,,,,,,,,,,,,,,,,,,,,,,,,,RTE: 32 SCHD: 9:22,--> O: 05:37 AM > I: 02:59 PM,,,,,,,,,,,,,,,,,,,
MidvaleSaturday753,Midvale,2-28-2026,Saturday,,,,753,2023-10-11 06:33 AM,,2023-10-11 4:01 PM,9:18,10.0,,32,3203,O,06:48 AM,I,03:59 PM,9:11,551,,,,,,,,,,,,,,,,,,,,,,,,,,,,,,,,,,,,,,,,,,,,,,,,,,,,,,,,,,,,,,,,,,,,,,,,,,,,,,,,,,RTE: 32 SCHD: 9:11,--> O: 06:48 AM > I: 03:59 PM,,,,,,,,,,,,,,,,,,,
MidvaleSaturday754,Midvale,2-28-2026,Saturday,,,,754,2023-10-11 08:01 AM,,2023-10-11 5:32 PM,9:21,10.0,,32,3204,O,08:16 AM,I,05:30 PM,9:14,554,,,,,,,,,,,,,,,,,,,,,,,,,,,,,,,,,,,,,,,,,,,,,,,,,,,,,,,,,,,,,,,,,,,,,,,,,,,,,,,,,,RTE: 32 SCHD: 9:14,--> O: 08:16 AM > I: 05:30 PM,,,,,,,,,,,,,,,,,,,
MidvaleSaturday755,Midvale,2-28-2026,Saturday,,,,755,2023-10-11 09:20 AM,,2023-10-11 6:59 PM,9:29,10.2,,32,3205,O,09:35 AM,I,06:57 PM,9:22,562,,,,,,,,,,,,,,,,,,,,,,,,,,,,,,,,,,,,,,,,,,,,,,,,,,,,,,,,,,,,,,,,,,,,,,,,,,,,,,,,,,RTE: 32 SCHD: 9:22,--> O: 09:35 AM > I: 06:57 PM,,,,,,,,,,,,,,,,,,,
MidvaleSaturday756,Midvale,2-28-2026,Saturday,,,,756,2023-10-11 02:19 PM,,2023-10-12 1:15 AM,10:46,12.2,,32,3206,O,02:34 PM,I,01:13 AM,10:39,639,,,,,,,,,,,,,,,,,,,,,,,,,,,,,,,,,,,,,,,,,,,,,,,,,,,,,,,,,,,,,,,,,,,,,,,,,,,,,,,,,,RTE: 32 SCHD: 10:39,--> O: 02:34 PM > I: 01:13 AM,,,,,,,,,,,,,,,,,,,
MidvaleSaturday757,Midvale,2-28-2026,Saturday,,,,757,2023-10-11 03:19 PM,,2023-10-12 1:45 AM,10:16,11.4,,32,3207,O,03:34 PM,I,01:43 AM,10:09,609,,,,,,,,,,,,,,,,,,,,,,,,,,,,,,,,,,,,,,,,,,,,,,,,,,,,,,,,,,,,,,,,,,,,,,,,,,,,,,,,,,RTE: 32 SCHD: 10:09,--> O: 03:34 PM > I: 01:43 AM,,,,,,,,,,,,,,,,,,,
MidvaleSaturday758,Midvale,2-28-2026,Saturday,,,,758,2023-10-11 03:49 PM,,2023-10-12 2:15 AM,10:16,11.4,,32,3208,O,04:04 PM,I,02:13 AM,10:09,609,,,,,,,,,,,,,,,,,,,,,,,,,,,,,,,,,,,,,,,,,,,,,,,,,,,,,,,,,,,,,,,,,,,,,,,,,,,,,,,,,,RTE: 32 SCHD: 10:09,--> O: 04:04 PM > I: 02:13 AM,,,,,,,,,,,,,,,,,,,
MidvaleSaturday741,Midvale,2-28-2026,Saturday,,,,741,2023-10-11 07:25 AM,,2023-10-11 4:00 PM,8:25,8.6,,35,3571,O,07:40 AM,I,03:58 PM,8:18,498,,,,,,,,,,,,,,,,,,,,,,,,,,,,,,,,,,,,,,,,,,,,,,,,,,,,,,,,,,,,,,,,,,,,,,,,,,,,,,,,,,RTE: 35 SCHD: 8:18,--> O: 07:40 AM > I: 03:58 PM,,,,,,,,,,,,,,,,,,,
MidvaleSaturday742,Midvale,2-28-2026,Saturday,,,,742,2023-10-11 03:07 PM,,2023-10-12 12:45 AM,9:28,10.2,,35,3572,O,03:22 PM,CG,06:53 PM,3:31,211,,32,3572,CG,06:53 PM,I,12:43 AM,5:50,350,,,,,,,,,,,,,,,,,,,,,,,,,,,,,,,,,,,,,,,,,,,,,,,,,,,,,,,,,,,,,,,,,,,,,,,,,RTE: 35 SCHD: 3:31,--> O: 03:22 PM > CG: 06:53 PM,RTE: 32 SCHD: 5:50,--> CG: 06:53 PM > I: 12:43 AM,,,,,,,,,,,,,,,,,
MidvaleSaturday671,Midvale,2-28-2026,Saturday,,,,671,2023-10-11 05:16 AM,,2023-10-11 2:11 PM,8:45,9.1,,39,3951,O,05:31 AM,I,02:09 PM,8:38,518,,,,,,,,,,,,,,,,,,,,,,,,,,,,,,,,,,,,,,,,,,,,,,,,,,,,,,,,,,,,,,,,,,,,,,,,,,,,,,,,,,RTE: 39 SCHD: 8:38,--> O: 05:31 AM > I: 02:09 PM,,,,,,,,,,,,,,,,,,,
MidvaleSaturday672,Midvale,2-28-2026,Saturday,,,,672,2023-10-11 08:29 AM,,2023-10-11 5:41 PM,9:02,9.6,,39,3952,O,08:44 AM,I,05:39 PM,8:55,535,,,,,,,,,,,,,,,,,,,,,,,,,,,,,,,,,,,,,,,,,,,,,,,,,,,,,,,,,,,,,,,,,,,,,,,,,,,,,,,,,,RTE: 39 SCHD: 8:55,--> O: 08:44 AM > I: 05:39 PM,,,,,,,,,,,,,,,,,,,
MidvaleSaturday673,Midvale,2-28-2026,Saturday,,,,673,2023-10-11 01:58 PM,,2023-10-11 10:28 PM,8:20,8.5,,39,3953,O,02:13 PM,I,10:26 PM,8:13,493,,,,,,,,,,,,,,,,,,,,,,,,,,,,,,,,,,,,,,,,,,,,,,,,,,,,,,,,,,,,,,,,,,,,,,,,,,,,,,,,,,RTE: 39 SCHD: 8:13,--> O: 02:13 PM > I: 10:26 PM,,,,,,,,,,,,,,,,,,,
MidvaleSaturday674,Midvale,2-28-2026,Saturday,,,,674,2023-10-11 04:28 PM,,2023-10-12 1:27 AM,8:49,9.2,,39,3954,O,04:43 PM,I,01:25 AM,8:42,522,,,,,,,,,,,,,,,,,,,,,,,,,,,,,,,,,,,,,,,,,,,,,,,,,,,,,,,,,,,,,,,,,,,,,,,,,,,,,,,,,,RTE: 39 SCHD: 8:42,--> O: 04:43 PM > I: 01:25 AM,,,,,,,,,,,,,,,,,,,
MidvaleSaturday301,Midvale,2-28-2026,Saturday,,,,301,2023-10-10 11:54 PM,,2023-10-11 10:27 AM,10:23,11.6,,47,3331,O,12:09 AM,CG,07:40 AM,7:31,451,,4-16,3331,CG,07:40 AM,I,10:25 AM,2:45,165,,,,,,,,,,,,,,,,,,,,,,,,,,,,,,,,,,,,,,,,,,,,,,,,,,,,,,,,,,,,,,,,,,,,,,,,,RTE: 47 SCHD: 7:31,--> O: 12:09 AM > CG: 07:40 AM,RTE: 4-16 SCHD: 2:45,--> CG: 07:40 AM > I: 10:25 AM,,,,,,,,,,,,,,,,,
MidvaleSaturday302,Midvale,2-28-2026,Saturday,,,,302,2023-10-11 12:40 AM,,2023-10-11 10:46 AM,9:56,10.9,,47,3332,O,12:55 AM,I,10:44 AM,9:49,589,,,,,,,,,,,,,,,,,,,,,,,,,,,,,,,,,,,,,,,,,,,,,,,,,,,,,,,,,,,,,,,,,,,,,,,,,,,,,,,,,,RTE: 47 SCHD: 9:49,--> O: 12:55 AM > I: 10:44 AM,,,,,,,,,,,,,,,,,,,
MidvaleSaturday303,Midvale,2-28-2026,Saturday,,,,303,2023-10-11 01:25 AM,,2023-10-11 11:29 AM,9:54,10.9,,47,3333,O,01:40 AM,I,11:27 AM,9:47,587,,,,,,,,,,,,,,,,,,,,,,,,,,,,,,,,,,,,,,,,,,,,,,,,,,,,,,,,,,,,,,,,,,,,,,,,,,,,,,,,,,RTE: 47 SCHD: 9:47,--> O: 01:40 AM > I: 11:27 AM,,,,,,,,,,,,,,,,,,,
MidvaleSaturday304,Midvale,2-28-2026,Saturday,,,,304,2023-10-11 06:26 AM,,2023-10-11 4:16 PM,9:40,10.5,,47,3334,O,06:41 AM,CG,12:21 PM,5:40,340,,71-81,3334,CG,12:21 PM,I,04:14 PM,3:53,233,,,,,,,,,,,,,,,,,,,,,,,,,,,,,,,,,,,,,,,,,,,,,,,,,,,,,,,,,,,,,,,,,,,,,,,,,RTE: 47 SCHD: 5:40,--> O: 06:41 AM > CG: 12:21 PM,RTE: 71-81 SCHD: 3:53,--> CG: 12:21 PM > I: 04:14 PM,,,,,,,,,,,,,,,,,
MidvaleSaturday305,Midvale,2-28-2026,Saturday,,,,305,2023-10-11 06:46 AM,,2023-10-11 3:54 PM,8:58,9.5,,47,3335,O,07:01 AM,CG,10:11 AM,3:10,190,,71-81,3335,CG,10:11 AM,I,03:52 PM,5:41,341,,,,,,,,,,,,,,,,,,,,,,,,,,,,,,,,,,,,,,,,,,,,,,,,,,,,,,,,,,,,,,,,,,,,,,,,,RTE: 47 SCHD: 3:10,--> O: 07:01 AM > CG: 10:11 AM,RTE: 71-81 SCHD: 5:41,--> CG: 10:11 AM > I: 03:52 PM,,,,,,,,,,,,,,,,,
MidvaleSaturday306,Midvale,2-28-2026,Saturday,,,,306,2023-10-11 09:12 AM,,2023-10-11 6:21 PM,8:59,9.5,,47,3336,O,09:27 AM,I,06:19 PM,8:52,532,,,,,,,,,,,,,,,,,,,,,,,,,,,,,,,,,,,,,,,,,,,,,,,,,,,,,,,,,,,,,,,,,,,,,,,,,,,,,,,,,,RTE: 47 SCHD: 8:52,--> O: 09:27 AM > I: 06:19 PM,,,,,,,,,,,,,,,,,,,
MidvaleSaturday307,Midvale,2-28-2026,Saturday,,,,307,2023-10-11 09:52 AM,,2023-10-11 6:52 PM,8:50,9.3,,47,3337,O,10:07 AM,I,06:50 PM,8:43,523,,,,,,,,,,,,,,,,,,,,,,,,,,,,,,,,,,,,,,,,,,,,,,,,,,,,,,,,,,,,,,,,,,,,,,,,,,,,,,,,,,RTE: 47 SCHD: 8:43,--> O: 10:07 AM > I: 06:50 PM,,,,,,,,,,,,,,,,,,,
MidvaleSaturday308,Midvale,2-28-2026,Saturday,,,,308,2023-10-11 10:15 AM,,2023-10-11 7:20 PM,8:55,9.4,,47,3338,O,10:30 AM,I,07:18 PM,8:48,528,,,,,,,,,,,,,,,,,,,,,,,,,,,,,,,,,,,,,,,,,,,,,,,,,,,,,,,,,,,,,,,,,,,,,,,,,,,,,,,,,,RTE: 47 SCHD: 8:48,--> O: 10:30 AM > I: 07:18 PM,,,,,,,,,,,,,,,,,,,
MidvaleSaturday309,Midvale,2-28-2026,Saturday,,,,309,2023-10-11 11:48 AM,,2023-10-11 7:36 PM,7:38,8.0,,47,3340,O,12:03 PM,I,07:34 PM,7:31,451,,,,,,,,,,,,,,,,,,,,,,,,,,,,,,,,,,,,,,,,,,,,,,,,,,,,,,,,,,,,,,,,,,,,,,,,,,,,,,,,,,RTE: 47 SCHD: 7:31,--> O: 12:03 PM > I: 07:34 PM,,,,,,,,,,,,,,,,,,,
MidvaleSaturday310,Midvale,2-28-2026,Saturday,,,,310,2023-10-11 12:12 PM,,2023-10-11 8:36 PM,8:14,8.4,,47,3341,O,12:27 PM,CG,06:52 PM,6:25,385,,56,3341,CG,06:52 PM,I,08:34 PM,1:42,102,,,,,,,,,,,,,,,,,,,,,,,,,,,,,,,,,,,,,,,,,,,,,,,,,,,,,,,,,,,,,,,,,,,,,,,,,RTE: 47 SCHD: 6:25,--> O: 12:27 PM > CG: 06:52 PM,RTE: 56 SCHD: 1:42,--> CG: 06:52 PM > I: 08:34 PM,,,,,,,,,,,,,,,,,
MidvaleSaturday311,Midvale,2-28-2026,Saturday,,,,311,2023-10-11 01:00 PM,,2023-10-11 9:36 PM,8:26,8.7,,47,3342,O,01:15 PM,I,09:34 PM,8:19,499,,,,,,,,,,,,,,,,,,,,,,,,,,,,,,,,,,,,,,,,,,,,,,,,,,,,,,,,,,,,,,,,,,,,,,,,,,,,,,,,,,RTE: 47 SCHD: 8:19,--> O: 01:15 PM > I: 09:34 PM,,,,,,,,,,,,,,,,,,,
MidvaleSaturday312,Midvale,2-28-2026,Saturday,,,,312,2023-10-11 10:48 AM,,2023-10-11 9:50 PM,10:52,12.3,,47,3339,O,11:03 AM,CG,08:10 PM,9:07,547,,56,3339,CG,08:10 PM,I,09:48 PM,1:38,98,,,,,,,,,,,,,,,,,,,,,,,,,,,,,,,,,,,,,,,,,,,,,,,,,,,,,,,,,,,,,,,,,,,,,,,,,RTE: 47 SCHD: 9:07,--> O: 11:03 AM > CG: 08:10 PM,RTE: 56 SCHD: 1:38,--> CG: 08:10 PM > I: 09:48 PM,,,,,,,,,,,,,,,,,
MidvaleSaturday313,Midvale,2-28-2026,Saturday,,,,313,2023-10-11 02:13 PM,,2023-10-11 10:48 PM,8:25,8.6,,47,3344,O,02:28 PM,I,10:46 PM,8:18,498,,,,,,,,,,,,,,,,,,,,,,,,,,,,,,,,,,,,,,,,,,,,,,,,,,,,,,,,,,,,,,,,,,,,,,,,,,,,,,,,,,RTE: 47 SCHD: 8:18,--> O: 02:28 PM > I: 10:46 PM,,,,,,,,,,,,,,,,,,,
MidvaleSaturday314,Midvale,2-28-2026,Saturday,,,,314,2023-10-11 01:36 PM,,2023-10-12 12:40 AM,10:54,12.4,,47,3343,O,01:51 PM,I,12:38 AM,10:47,647,,,,,,,,,,,,,,,,,,,,,,,,,,,,,,,,,,,,,,,,,,,,,,,,,,,,,,,,,,,,,,,,,,,,,,,,,,,,,,,,,,RTE: 47 SCHD: 10:47,--> O: 01:51 PM > I: 12:38 AM,,,,,,,,,,,,,,,,,,,
MidvaleSaturday315,Midvale,2-28-2026,Saturday,,,,315,2023-10-11 04:15 PM,,2023-10-12 2:55 AM,10:30,11.8,,47,3345,O,04:30 PM,CG,12:22 AM,7:52,472,,55,3345,CG,12:22 AM,I,02:53 AM,2:31,151,,,,,,,,,,,,,,,,,,,,,,,,,,,,,,,,,,,,,,,,,,,,,,,,,,,,,,,,,,,,,,,,,,,,,,,,,RTE: 47 SCHD: 7:52,--> O: 04:30 PM > CG: 12:22 AM,RTE: 55 SCHD: 2:31,--> CG: 12:22 AM > I: 02:53 AM,,,,,,,,,,,,,,,,,
MidvaleSaturday601,Midvale,2-28-2026,Saturday,,,,601,2023-10-11 03:22 AM,,2023-10-11 12:36 PM,9:04,9.6,,51,3381,O,03:37 AM,I,12:34 PM,8:57,537,,,,,,,,,,,,,,,,,,,,,,,,,,,,,,,,,,,,,,,,,,,,,,,,,,,,,,,,,,,,,,,,,,,,,,,,,,,,,,,,,,RTE: 51 SCHD: 8:57,--> O: 03:37 AM > I: 12:34 PM,,,,,,,,,,,,,,,,,,,
MidvaleSaturday602,Midvale,2-28-2026,Saturday,,,,602,2023-10-11 04:07 AM,,2023-10-11 1:16 PM,8:59,9.5,,51,3382,O,04:22 AM,I,01:14 PM,8:52,532,,,,,,,,,,,,,,,,,,,,,,,,,,,,,,,,,,,,,,,,,,,,,,,,,,,,,,,,,,,,,,,,,,,,,,,,,,,,,,,,,,RTE: 51 SCHD: 8:52,--> O: 04:22 AM > I: 01:14 PM,,,,,,,,,,,,,,,,,,,
MidvaleSaturday603,Midvale,2-28-2026,Saturday,,,,603,2023-10-11 05:44 AM,,2023-10-11 4:17 PM,10:23,11.6,,51,3383,O,05:59 AM,I,04:15 PM,10:16,616,,,,,,,,,,,,,,,,,,,,,,,,,,,,,,,,,,,,,,,,,,,,,,,,,,,,,,,,,,,,,,,,,,,,,,,,,,,,,,,,,,RTE: 51 SCHD: 10:16,--> O: 05:59 AM > I: 04:15 PM,,,,,,,,,,,,,,,,,,,
MidvaleSaturday604,Midvale,2-28-2026,Saturday,,,,604,2023-10-11 07:35 AM,,2023-10-11 5:16 PM,9:31,10.3,,51,3384,O,07:50 AM,I,05:14 PM,9:24,564,,,,,,,,,,,,,,,,,,,,,,,,,,,,,,,,,,,,,,,,,,,,,,,,,,,,,,,,,,,,,,,,,,,,,,,,,,,,,,,,,,RTE: 51 SCHD: 9:24,--> O: 07:50 AM > I: 05:14 PM,,,,,,,,,,,,,,,,,,,
MidvaleSaturday605,Midvale,2-28-2026,Saturday,,,,605,2023-10-11 08:44 AM,,2023-10-11 7:13 PM,10:19,11.5,,51,3385,O,08:59 AM,I,07:11 PM,10:12,612,,,,,,,,,,,,,,,,,,,,,,,,,,,,,,,,,,,,,,,,,,,,,,,,,,,,,,,,,,,,,,,,,,,,,,,,,,,,,,,,,,RTE: 51 SCHD: 10:12,--> O: 08:59 AM > I: 07:11 PM,,,,,,,,,,,,,,,,,,,
MidvaleSaturday606,Midvale,2-28-2026,Saturday,,,,606,2023-10-11 12:18 PM,,2023-10-11 8:52 PM,8:24,8.6,,51,3386,O,12:33 PM,I,08:50 PM,8:17,497,,,,,,,,,,,,,,,,,,,,,,,,,,,,,,,,,,,,,,,,,,,,,,,,,,,,,,,,,,,,,,,,,,,,,,,,,,,,,,,,,,RTE: 51 SCHD: 8:17,--> O: 12:33 PM > I: 08:50 PM,,,,,,,,,,,,,,,,,,,
MidvaleSaturday607,Midvale,2-28-2026,Saturday,,,,607,2023-10-11 01:18 PM,,2023-10-11 10:31 PM,9:03,9.6,,51,3387,O,01:33 PM,I,10:29 PM,8:56,536,,,,,,,,,,,,,,,,,,,,,,,,,,,,,,,,,,,,,,,,,,,,,,,,,,,,,,,,,,,,,,,,,,,,,,,,,,,,,,,,,,RTE: 51 SCHD: 8:56,--> O: 01:33 PM > I: 10:29 PM,,,,,,,,,,,,,,,,,,,
MidvaleSaturday608,Midvale,2-28-2026,Saturday,,,,608,2023-10-11 01:38 PM,,2023-10-11 11:02 PM,9:14,9.9,,51,3388,O,01:53 PM,I,11:00 PM,9:07,547,,,,,,,,,,,,,,,,,,,,,,,,,,,,,,,,,,,,,,,,,,,,,,,,,,,,,,,,,,,,,,,,,,,,,,,,,,,,,,,,,,RTE: 51 SCHD: 9:07,--> O: 01:53 PM > I: 11:00 PM,,,,,,,,,,,,,,,,,,,
MidvaleSaturday609,Midvale,2-28-2026,Saturday,,,,609,2023-10-11 03:59 PM,,2023-10-12 2:45 AM,10:36,11.9,,51,3389,O,04:14 PM,I,02:43 AM,10:29,629,,,,,,,,,,,,,,,,,,,,,,,,,,,,,,,,,,,,,,,,,,,,,,,,,,,,,,,,,,,,,,,,,,,,,,,,,,,,,,,,,,RTE: 51 SCHD: 10:29,--> O: 04:14 PM > I: 02:43 AM,,,,,,,,,,,,,,,,,,,
MidvaleSaturday610,Midvale,2-28-2026,Saturday,,,,610,2023-10-11 06:38 PM,,2023-10-12 3:18 AM,8:30,8.8,,51,3390,O,06:53 PM,I,03:16 AM,8:23,503,,,,,,,,,,,,,,,,,,,,,,,,,,,,,,,,,,,,,,,,,,,,,,,,,,,,,,,,,,,,,,,,,,,,,,,,,,,,,,,,,,RTE: 51 SCHD: 8:23,--> O: 06:53 PM > I: 03:16 AM,,,,,,,,,,,,,,,,,,,
MidvaleSaturday351,Midvale,2-28-2026,Saturday,,,,351,2023-10-11 04:53 AM,,2023-10-11 2:56 PM,9:53,10.8,,53,3431,O,05:08 AM,I,02:54 PM,9:46,586,,,,,,,,,,,,,,,,,,,,,,,,,,,,,,,,,,,,,,,,,,,,,,,,,,,,,,,,,,,,,,,,,,,,,,,,,,,,,,,,,,RTE: 53 SCHD: 9:46,--> O: 05:08 AM > I: 02:54 PM,,,,,,,,,,,,,,,,,,,
MidvaleSaturday352,Midvale,2-28-2026,Saturday,,,,352,2023-10-11 05:27 AM,,2023-10-11 3:30 PM,9:53,10.8,,53,3432,O,05:42 AM,CG,01:19 PM,7:37,457,,2,3432,CG,01:19 PM,I,03:28 PM,2:09,129,,,,,,,,,,,,,,,,,,,,,,,,,,,,,,,,,,,,,,,,,,,,,,,,,,,,,,,,,,,,,,,,,,,,,,,,,RTE: 53 SCHD: 7:37,--> O: 05:42 AM > CG: 01:19 PM,RTE: 2 SCHD: 2:09,--> CG: 01:19 PM > I: 03:28 PM,,,,,,,,,,,,,,,,,
MidvaleSaturday353,Midvale,2-28-2026,Saturday,,,,353,2023-10-11 08:07 AM,,2023-10-11 4:26 PM,8:09,8.2,,53,3433,O,08:22 AM,I,04:24 PM,8:02,482,,,,,,,,,,,,,,,,,,,,,,,,,,,,,,,,,,,,,,,,,,,,,,,,,,,,,,,,,,,,,,,,,,,,,,,,,,,,,,,,,,RTE: 53 SCHD: 8:02,--> O: 08:22 AM > I: 04:24 PM,,,,,,,,,,,,,,,,,,,
MidvaleSaturday354,Midvale,2-28-2026,Saturday,,,,354,2023-10-11 11:41 AM,,2023-10-11 7:33 PM,7:42,8.0,,53,3434,O,11:56 AM,I,07:31 PM,7:35,455,,,,,,,,,,,,,,,,,,,,,,,,,,,,,,,,,,,,,,,,,,,,,,,,,,,,,,,,,,,,,,,,,,,,,,,,,,,,,,,,,,RTE: 53 SCHD: 7:35,--> O: 11:56 AM > I: 07:31 PM,,,,,,,,,,,,,,,,,,,
MidvaleSaturday355,Midvale,2-28-2026,Saturday,,,,355,2023-10-11 01:41 PM,,2023-10-11 10:33 PM,8:42,9.1,,53,3435,O,01:56 PM,I,10:31 PM,8:35,515,,,,,,,,,,,,,,,,,,,,,,,,,,,,,,,,,,,,,,,,,,,,,,,,,,,,,,,,,,,,,,,,,,,,,,,,,,,,,,,,,,RTE: 53 SCHD: 8:35,--> O: 01:56 PM > I: 10:31 PM,,,,,,,,,,,,,,,,,,,
MidvaleSaturday356,Midvale,2-28-2026,Saturday,,,,356,2023-10-11 03:41 PM,,2023-10-12 2:12 AM,10:21,11.5,,53,3436,O,03:56 PM,I,02:10 AM,10:14,614,,,,,,,,,,,,,,,,,,,,,,,,,,,,,,,,,,,,,,,,,,,,,,,,,,,,,,,,,,,,,,,,,,,,,,,,,,,,,,,,,,RTE: 53 SCHD: 10:14,--> O: 03:56 PM > I: 02:10 AM,,,,,,,,,,,,,,,,,,,
MidvaleSaturday701,Midvale,2-28-2026,Saturday,,,,701,2023-10-11 04:24 AM,,2023-10-11 12:57 PM,8:23,8.6,,55,3501,O,04:39 AM,I,12:55 PM,8:16,496,,,,,,,,,,,,,,,,,,,,,,,,,,,,,,,,,,,,,,,,,,,,,,,,,,,,,,,,,,,,,,,,,,,,,,,,,,,,,,,,,,RTE: 55 SCHD: 8:16,--> O: 04:39 AM > I: 12:55 PM,,,,,,,,,,,,,,,,,,,
MidvaleSaturday702,Midvale,2-28-2026,Saturday,,,,702,2023-10-11 04:51 AM,,2023-10-11 3:01 PM,10:00,11.0,,55,3502,O,05:06 AM,I,02:59 PM,9:53,593,,,,,,,,,,,,,,,,,,,,,,,,,,,,,,,,,,,,,,,,,,,,,,,,,,,,,,,,,,,,,,,,,,,,,,,,,,,,,,,,,,RTE: 55 SCHD: 9:53,--> O: 05:06 AM > I: 02:59 PM,,,,,,,,,,,,,,,,,,,
MidvaleSaturday703,Midvale,2-28-2026,Saturday,,,,703,2023-10-11 05:02 AM,,2023-10-11 2:02 PM,8:50,9.3,,55,3503,O,05:17 AM,CG,12:23 PM,7:06,426,,18,3503,CG,12:23 PM,I,02:00 PM,1:37,97,,,,,,,,,,,,,,,,,,,,,,,,,,,,,,,,,,,,,,,,,,,,,,,,,,,,,,,,,,,,,,,,,,,,,,,,,RTE: 55 SCHD: 7:06,--> O: 05:17 AM > CG: 12:23 PM,RTE: 18 SCHD: 1:37,--> CG: 12:23 PM > I: 02:00 PM,,,,,,,,,,,,,,,,,
MidvaleSaturday704,Midvale,2-28-2026,Saturday,,,,704,2023-10-11 05:26 AM,,2023-10-11 1:59 PM,8:23,8.6,,55,3504,O,05:41 AM,CG,10:57 AM,5:16,316,,18,3504,CG,10:57 AM,I,01:57 PM,3:00,180,,,,,,,,,,,,,,,,,,,,,,,,,,,,,,,,,,,,,,,,,,,,,,,,,,,,,,,,,,,,,,,,,,,,,,,,,RTE: 55 SCHD: 5:16,--> O: 05:41 AM > CG: 10:57 AM,RTE: 18 SCHD: 3:00,--> CG: 10:57 AM > I: 01:57 PM,,,,,,,,,,,,,,,,,
MidvaleSaturday705,Midvale,2-28-2026,Saturday,,,,705,2023-10-11 06:13 AM,,2023-10-11 3:42 PM,9:19,10.0,,55,3505,O,06:28 AM,I,03:40 PM,9:12,552,,,,,,,,,,,,,,,,,,,,,,,,,,,,,,,,,,,,,,,,,,,,,,,,,,,,,,,,,,,,,,,,,,,,,,,,,,,,,,,,,,RTE: 55 SCHD: 9:12,--> O: 06:28 AM > I: 03:40 PM,,,,,,,,,,,,,,,,,,,
MidvaleSaturday706,Midvale,2-28-2026,Saturday,,,,706,2023-10-11 06:55 AM,,2023-10-11 4:22 PM,9:17,9.9,,55,3506,O,07:10 AM,I,04:20 PM,9:10,550,,,,,,,,,,,,,,,,,,,,,,,,,,,,,,,,,,,,,,,,,,,,,,,,,,,,,,,,,,,,,,,,,,,,,,,,,,,,,,,,,,RTE: 55 SCHD: 9:10,--> O: 07:10 AM > I: 04:20 PM,,,,,,,,,,,,,,,,,,,
MidvaleSaturday707,Midvale,2-28-2026,Saturday,,,,707,2023-10-11 11:11 AM,,2023-10-11 6:58 PM,7:37,8.0,,55,3508,O,11:26 AM,I,06:56 PM,7:30,450,,,,,,,,,,,,,,,,,,,,,,,,,,,,,,,,,,,,,,,,,,,,,,,,,,,,,,,,,,,,,,,,,,,,,,,,,,,,,,,,,,RTE: 55 SCHD: 7:30,--> O: 11:26 AM > I: 06:56 PM,,,,,,,,,,,,,,,,,,,
MidvaleSaturday708,Midvale,2-28-2026,Saturday,,,,708,2023-10-11 09:51 AM,,2023-10-11 7:38 PM,9:37,10.4,,55,3507,O,10:06 AM,I,07:36 PM,9:30,570,,,,,,,,,,,,,,,,,,,,,,,,,,,,,,,,,,,,,,,,,,,,,,,,,,,,,,,,,,,,,,,,,,,,,,,,,,,,,,,,,,RTE: 55 SCHD: 9:30,--> O: 10:06 AM > I: 07:36 PM,,,,,,,,,,,,,,,,,,,
MidvaleSaturday709,Midvale,2-28-2026,Saturday,,,,709,2023-10-11 11:51 AM,,2023-10-11 9:01 PM,9:00,9.5,,55,3509,O,12:06 PM,I,08:59 PM,8:53,533,,,,,,,,,,,,,,,,,,,,,,,,,,,,,,,,,,,,,,,,,,,,,,,,,,,,,,,,,,,,,,,,,,,,,,,,,,,,,,,,,,RTE: 55 SCHD: 8:53,--> O: 12:06 PM > I: 08:59 PM,,,,,,,,,,,,,,,,,,,
MidvaleSaturday710,Midvale,2-28-2026,Saturday,,,,710,2023-10-11 03:11 PM,,2023-10-11 11:06 PM,7:45,8.0,,55,3511,O,03:26 PM,CG,05:38 PM,2:12,132,,18,3511,CG,05:38 PM,I,11:04 PM,5:26,326,,,,,,,,,,,,,,,,,,,,,,,,,,,,,,,,,,,,,,,,,,,,,,,,,,,,,,,,,,,,,,,,,,,,,,,,,RTE: 55 SCHD: 2:12,--> O: 03:26 PM > CG: 05:38 PM,RTE: 18 SCHD: 5:26,--> CG: 05:38 PM > I: 11:04 PM,,,,,,,,,,,,,,,,,
MidvaleSaturday711,Midvale,2-28-2026,Saturday,,,,711,2023-10-11 02:30 PM,,2023-10-11 11:45 PM,9:05,9.6,,55,3510,O,02:45 PM,I,11:43 PM,8:58,538,,,,,,,,,,,,,,,,,,,,,,,,,,,,,,,,,,,,,,,,,,,,,,,,,,,,,,,,,,,,,,,,,,,,,,,,,,,,,,,,,,RTE: 55 SCHD: 8:58,--> O: 02:45 PM > I: 11:43 PM,,,,,,,,,,,,,,,,,,,
MidvaleSaturday712,Midvale,2-28-2026,Saturday,,,,712,2023-10-11 03:51 PM,,2023-10-12 12:34 AM,8:33,8.8,,55,3512,O,04:06 PM,I,12:32 AM,8:26,506,,,,,,,,,,,,,,,,,,,,,,,,,,,,,,,,,,,,,,,,,,,,,,,,,,,,,,,,,,,,,,,,,,,,,,,,,,,,,,,,,,RTE: 55 SCHD: 8:26,--> O: 04:06 PM > I: 12:32 AM,,,,,,,,,,,,,,,,,,,
MidvaleSaturday713,Midvale,2-28-2026,Saturday,,,,713,2023-10-11 04:52 PM,,2023-10-12 2:34 AM,9:32,10.3,,55,3513,O,05:07 PM,I,02:32 AM,9:25,565,,,,,,,,,,,,,,,,,,,,,,,,,,,,,,,,,,,,,,,,,,,,,,,,,,,,,,,,,,,,,,,,,,,,,,,,,,,,,,,,,,RTE: 55 SCHD: 9:25,--> O: 05:07 PM > I: 02:32 AM,,,,,,,,,,,,,,,,,,,
MidvaleSaturday61,Midvale,2-28-2026,Saturday,,,,61,2023-10-11 01:14 AM,,2023-10-11 10:13 AM,8:49,9.2,,56,3601,O,01:29 AM,I,10:11 AM,8:42,522,,,,,,,,,,,,,,,,,,,,,,,,,,,,,,,,,,,,,,,,,,,,,,,,,,,,,,,,,,,,,,,,,,,,,,,,,,,,,,,,,,RTE: 56 SCHD: 8:42,--> O: 01:29 AM > I: 10:11 AM,,,,,,,,,,,,,,,,,,,
MidvaleSaturday62,Midvale,2-28-2026,Saturday,,,,62,2023-10-11 02:14 AM,,2023-10-11 11:34 AM,9:10,9.8,,56,3602,O,02:29 AM,I,11:32 AM,9:03,543,,,,,,,,,,,,,,,,,,,,,,,,,,,,,,,,,,,,,,,,,,,,,,,,,,,,,,,,,,,,,,,,,,,,,,,,,,,,,,,,,,RTE: 56 SCHD: 9:03,--> O: 02:29 AM > I: 11:32 AM,,,,,,,,,,,,,,,,,,,
MidvaleSaturday63,Midvale,2-28-2026,Saturday,,,,63,2023-10-11 05:25 AM,,2023-10-11 1:56 PM,8:21,8.5,,56,3603,O,05:40 AM,CG,07:26 AM,1:46,106,,51,3603,CG,07:26 AM,I,01:54 PM,6:28,388,,,,,,,,,,,,,,,,,,,,,,,,,,,,,,,,,,,,,,,,,,,,,,,,,,,,,,,,,,,,,,,,,,,,,,,,,RTE: 56 SCHD: 1:46,--> O: 05:40 AM > CG: 07:26 AM,RTE: 51 SCHD: 6:28,--> CG: 07:26 AM > I: 01:54 PM,,,,,,,,,,,,,,,,,
MidvaleSaturday64,Midvale,2-28-2026,Saturday,,,,64,2023-10-11 06:09 AM,,2023-10-11 4:50 PM,10:31,11.8,,56,3604,O,06:24 AM,I,04:48 PM,10:24,624,,,,,,,,,,,,,,,,,,,,,,,,,,,,,,,,,,,,,,,,,,,,,,,,,,,,,,,,,,,,,,,,,,,,,,,,,,,,,,,,,,RTE: 56 SCHD: 10:24,--> O: 06:24 AM > I: 04:48 PM,,,,,,,,,,,,,,,,,,,
MidvaleSaturday65,Midvale,2-28-2026,Saturday,,,,65,2023-10-11 06:55 AM,,2023-10-11 4:41 PM,9:36,10.4,,56,3605,O,07:10 AM,CG,09:24 AM,2:14,134,,39,3605,CG,09:24 AM,I,04:39 PM,7:15,435,,,,,,,,,,,,,,,,,,,,,,,,,,,,,,,,,,,,,,,,,,,,,,,,,,,,,,,,,,,,,,,,,,,,,,,,,RTE: 56 SCHD: 2:14,--> O: 07:10 AM > CG: 09:24 AM,RTE: 39 SCHD: 7:15,--> CG: 09:24 AM > I: 04:39 PM,,,,,,,,,,,,,,,,,
MidvaleSaturday66,Midvale,2-28-2026,Saturday,,,,66,2023-10-11 10:09 AM,,2023-10-11 6:14 PM,7:55,8.0,,56,3608,O,10:24 AM,I,06:12 PM,7:48,468,,,,,,,,,,,,,,,,,,,,,,,,,,,,,,,,,,,,,,,,,,,,,,,,,,,,,,,,,,,,,,,,,,,,,,,,,,,,,,,,,,RTE: 56 SCHD: 7:48,--> O: 10:24 AM > I: 06:12 PM,,,,,,,,,,,,,,,,,,,
MidvaleSaturday67,Midvale,2-28-2026,Saturday,,,,67,2023-10-11 08:32 AM,,2023-10-11 6:36 PM,9:54,10.9,,56,3606,O,08:47 AM,I,06:34 PM,9:47,587,,,,,,,,,,,,,,,,,,,,,,,,,,,,,,,,,,,,,,,,,,,,,,,,,,,,,,,,,,,,,,,,,,,,,,,,,,,,,,,,,,RTE: 56 SCHD: 9:47,--> O: 08:47 AM > I: 06:34 PM,,,,,,,,,,,,,,,,,,,
MidvaleSaturday68,Midvale,2-28-2026,Saturday,,,,68,2023-10-11 09:54 AM,,2023-10-11 6:48 PM,8:44,9.1,,56,3607,O,10:09 AM,CG,04:25 PM,6:16,376,,4-16,3607,CG,04:25 PM,I,06:46 PM,2:21,141,,,,,,,,,,,,,,,,,,,,,,,,,,,,,,,,,,,,,,,,,,,,,,,,,,,,,,,,,,,,,,,,,,,,,,,,,RTE: 56 SCHD: 6:16,--> O: 10:09 AM > CG: 04:25 PM,RTE: 4-16 SCHD: 2:21,--> CG: 04:25 PM > I: 06:46 PM,,,,,,,,,,,,,,,,,
MidvaleSaturday69,Midvale,2-28-2026,Saturday,,,,69,2023-10-11 11:23 AM,,2023-10-11 7:50 PM,8:17,8.4,,56,3610,O,11:38 AM,I,07:48 PM,8:10,490,,,,,,,,,,,,,,,,,,,,,,,,,,,,,,,,,,,,,,,,,,,,,,,,,,,,,,,,,,,,,,,,,,,,,,,,,,,,,,,,,,RTE: 56 SCHD: 8:10,--> O: 11:38 AM > I: 07:48 PM,,,,,,,,,,,,,,,,,,,
MidvaleSaturday70,Midvale,2-28-2026,Saturday,,,,70,2023-10-11 03:07 PM,,2023-10-12 1:09 AM,9:52,10.8,,56,3611,O,03:22 PM,I,01:07 AM,9:45,585,,,,,,,,,,,,,,,,,,,,,,,,,,,,,,,,,,,,,,,,,,,,,,,,,,,,,,,,,,,,,,,,,,,,,,,,,,,,,,,,,,RTE: 56 SCHD: 9:45,--> O: 03:22 PM > I: 01:07 AM,,,,,,,,,,,,,,,,,,,
MidvaleSaturday71,Midvale,2-28-2026,Saturday,,,,71,2023-10-11 03:42 PM,,2023-10-12 2:08 AM,10:16,11.4,,56,3612,O,03:57 PM,I,02:06 AM,10:09,609,,,,,,,,,,,,,,,,,,,,,,,,,,,,,,,,,,,,,,,,,,,,,,,,,,,,,,,,,,,,,,,,,,,,,,,,,,,,,,,,,,RTE: 56 SCHD: 10:09,--> O: 03:57 PM > I: 02:06 AM,,,,,,,,,,,,,,,,,,,
MidvaleSaturday401,Midvale,2-28-2026,Saturday,,,,401,2023-10-11 04:22 AM,,2023-10-11 12:05 PM,7:33,8.0,,57,3901,O,04:37 AM,I,12:03 PM,7:26,446,,,,,,,,,,,,,,,,,,,,,,,,,,,,,,,,,,,,,,,,,,,,,,,,,,,,,,,,,,,,,,,,,,,,,,,,,,,,,,,,,,RTE: 57 SCHD: 7:26,--> O: 04:37 AM > I: 12:03 PM,,,,,,,,,,,,,,,,,,,
MidvaleSaturday402,Midvale,2-28-2026,Saturday,,,,402,2023-10-11 04:52 AM,,2023-10-11 1:26 PM,8:24,8.6,,57,3902,O,05:07 AM,I,01:24 PM,8:17,497,,,,,,,,,,,,,,,,,,,,,,,,,,,,,,,,,,,,,,,,,,,,,,,,,,,,,,,,,,,,,,,,,,,,,,,,,,,,,,,,,,RTE: 57 SCHD: 8:17,--> O: 05:07 AM > I: 01:24 PM,,,,,,,,,,,,,,,,,,,
MidvaleSaturday403,Midvale,2-28-2026,Saturday,,,,403,2023-10-11 05:21 AM,,2023-10-11 1:26 PM,7:55,8.0,,57,3903,O,05:36 AM,I,01:24 PM,7:48,468,,,,,,,,,,,,,,,,,,,,,,,,,,,,,,,,,,,,,,,,,,,,,,,,,,,,,,,,,,,,,,,,,,,,,,,,,,,,,,,,,,RTE: 57 SCHD: 7:48,--> O: 05:36 AM > I: 01:24 PM,,,,,,,,,,,,,,,,,,,
MidvaleSaturday404,Midvale,2-28-2026,Saturday,,,,404,2023-10-11 05:50 AM,,2023-10-11 2:07 PM,8:07,8.2,,57,3904,O,06:05 AM,I,02:05 PM,8:00,480,,,,,,,,,,,,,,,,,,,,,,,,,,,,,,,,,,,,,,,,,,,,,,,,,,,,,,,,,,,,,,,,,,,,,,,,,,,,,,,,,,RTE: 57 SCHD: 8:00,--> O: 06:05 AM > I: 02:05 PM,,,,,,,,,,,,,,,,,,,
MidvaleSaturday405,Midvale,2-28-2026,Saturday,,,,405,2023-10-11 09:24 AM,,2023-10-11 7:11 PM,9:37,10.4,,57,3905,O,09:39 AM,CG,01:19 PM,3:40,220,,23-45,3905,CG,01:19 PM,I,07:09 PM,5:50,350,,,,,,,,,,,,,,,,,,,,,,,,,,,,,,,,,,,,,,,,,,,,,,,,,,,,,,,,,,,,,,,,,,,,,,,,,RTE: 57 SCHD: 3:40,--> O: 09:39 AM > CG: 01:19 PM,RTE: 23-45 SCHD: 5:50,--> CG: 01:19 PM > I: 07:09 PM,,,,,,,,,,,,,,,,,
MidvaleSaturday406,Midvale,2-28-2026,Saturday,,,,406,2023-10-11 11:27 AM,,2023-10-11 8:04 PM,8:27,8.7,,57,3906,O,11:42 AM,CG,02:49 PM,3:07,187,,22,3906,CG,02:49 PM,I,08:02 PM,5:13,313,,,,,,,,,,,,,,,,,,,,,,,,,,,,,,,,,,,,,,,,,,,,,,,,,,,,,,,,,,,,,,,,,,,,,,,,,RTE: 57 SCHD: 3:07,--> O: 11:42 AM > CG: 02:49 PM,RTE: 22 SCHD: 5:13,--> CG: 02:49 PM > I: 08:02 PM,,,,,,,,,,,,,,,,,
MidvaleSaturday407,Midvale,2-28-2026,Saturday,,,,407,2023-10-11 12:07 PM,,2023-10-11 8:40 PM,8:23,8.6,,57,3907,O,12:22 PM,I,08:38 PM,8:16,496,,,,,,,,,,,,,,,,,,,,,,,,,,,,,,,,,,,,,,,,,,,,,,,,,,,,,,,,,,,,,,,,,,,,,,,,,,,,,,,,,,RTE: 57 SCHD: 8:16,--> O: 12:22 PM > I: 08:38 PM,,,,,,,,,,,,,,,,,,,
MidvaleSaturday408,Midvale,2-28-2026,Saturday,,,,408,2023-10-11 01:23 PM,,2023-10-11 10:02 PM,8:29,8.7,,57,3909,O,01:38 PM,I,10:00 PM,8:22,502,,,,,,,,,,,,,,,,,,,,,,,,,,,,,,,,,,,,,,,,,,,,,,,,,,,,,,,,,,,,,,,,,,,,,,,,,,,,,,,,,,RTE: 57 SCHD: 8:22,--> O: 01:38 PM > I: 10:00 PM,,,,,,,,,,,,,,,,,,,
MidvaleSaturday409,Midvale,2-28-2026,Saturday,,,,409,2023-10-11 12:43 PM,,2023-10-11 11:30 PM,10:37,11.9,,57,3908,O,12:58 PM,I,11:28 PM,10:30,630,,,,,,,,,,,,,,,,,,,,,,,,,,,,,,,,,,,,,,,,,,,,,,,,,,,,,,,,,,,,,,,,,,,,,,,,,,,,,,,,,,RTE: 57 SCHD: 10:30,--> O: 12:58 PM > I: 11:28 PM,,,,,,,,,,,,,,,,,,,
MidvaleSaturday410,Midvale,2-28-2026,Saturday,,,,410,2023-10-11 02:03 PM,,2023-10-12 1:08 AM,10:55,12.4,,57,3910,O,02:18 PM,I,01:06 AM,10:48,648,,,,,,,,,,,,,,,,,,,,,,,,,,,,,,,,,,,,,,,,,,,,,,,,,,,,,,,,,,,,,,,,,,,,,,,,,,,,,,,,,,RTE: 57 SCHD: 10:48,--> O: 02:18 PM > I: 01:06 AM,,,,,,,,,,,,,,,,,,,
MidvaleSaturday411,Midvale,2-28-2026,Saturday,,,,411,2023-10-11 03:23 PM,,2023-10-12 1:54 AM,10:21,11.5,,57,3911,O,03:38 PM,I,01:52 AM,10:14,614,,,,,,,,,,,,,,,,,,,,,,,,,,,,,,,,,,,,,,,,,,,,,,,,,,,,,,,,,,,,,,,,,,,,,,,,,,,,,,,,,,RTE: 57 SCHD: 10:14,--> O: 03:38 PM > I: 01:52 AM,,,,,,,,,,,,,,,,,,,
MidvaleSaturday201,Midvale,2-28-2026,Saturday,,,,201,2023-10-11 04:48 AM,,2023-10-11 2:50 PM,9:52,10.8,,61-62,3701,O,05:03 AM,I,02:48 PM,9:45,585,,,,,,,,,,,,,,,,,,,,,,,,,,,,,,,,,,,,,,,,,,,,,,,,,,,,,,,,,,,,,,,,,,,,,,,,,,,,,,,,,,RTE: 61-62 SCHD: 9:45,--> O: 05:03 AM > I: 02:48 PM,,,,,,,,,,,,,,,,,,,
MidvaleSaturday202,Midvale,2-28-2026,Saturday,,,,202,2023-10-11 04:57 AM,,2023-10-11 3:15 PM,10:08,11.2,,61-62,3702,O,05:12 AM,I,03:13 PM,10:01,601,,,,,,,,,,,,,,,,,,,,,,,,,,,,,,,,,,,,,,,,,,,,,,,,,,,,,,,,,,,,,,,,,,,,,,,,,,,,,,,,,,RTE: 61-62 SCHD: 10:01,--> O: 05:12 AM > I: 03:13 PM,,,,,,,,,,,,,,,,,,,
MidvaleSaturday203,Midvale,2-28-2026,Saturday,,,,203,2023-10-11 05:27 AM,,2023-10-11 4:03 PM,10:26,11.7,,61-62,3703,O,05:42 AM,I,04:01 PM,10:19,619,,,,,,,,,,,,,,,,,,,,,,,,,,,,,,,,,,,,,,,,,,,,,,,,,,,,,,,,,,,,,,,,,,,,,,,,,,,,,,,,,,RTE: 61-62 SCHD: 10:19,--> O: 05:42 AM > I: 04:01 PM,,,,,,,,,,,,,,,,,,,
MidvaleSaturday204,Midvale,2-28-2026,Saturday,,,,204,2023-10-11 05:57 AM,,2023-10-11 4:53 PM,10:46,12.2,,61-62,3704,O,06:12 AM,I,04:51 PM,10:39,639,,,,,,,,,,,,,,,,,,,,,,,,,,,,,,,,,,,,,,,,,,,,,,,,,,,,,,,,,,,,,,,,,,,,,,,,,,,,,,,,,,RTE: 61-62 SCHD: 10:39,--> O: 06:12 AM > I: 04:51 PM,,,,,,,,,,,,,,,,,,,
MidvaleSaturday205,Midvale,2-28-2026,Saturday,,,,205,2023-10-11 09:04 AM,,2023-10-11 7:47 PM,10:33,11.8,,61-62,3705,O,09:19 AM,I,07:45 PM,10:26,626,,,,,,,,,,,,,,,,,,,,,,,,,,,,,,,,,,,,,,,,,,,,,,,,,,,,,,,,,,,,,,,,,,,,,,,,,,,,,,,,,,RTE: 61-62 SCHD: 10:26,--> O: 09:19 AM > I: 07:45 PM,,,,,,,,,,,,,,,,,,,
MidvaleSaturday206,Midvale,2-28-2026,Saturday,,,,206,2023-10-11 02:02 PM,,2023-10-12 12:27 AM,10:15,11.4,,61-62,3706,O,02:17 PM,I,12:25 AM,10:08,608,,,,,,,,,,,,,,,,,,,,,,,,,,,,,,,,,,,,,,,,,,,,,,,,,,,,,,,,,,,,,,,,,,,,,,,,,,,,,,,,,,RTE: 61-62 SCHD: 10:08,--> O: 02:17 PM > I: 12:25 AM,,,,,,,,,,,,,,,,,,,
MidvaleSaturday207,Midvale,2-28-2026,Saturday,,,,207,2023-10-11 02:51 PM,,2023-10-12 1:20 AM,10:19,11.5,,61-62,3707,O,03:06 PM,I,01:18 AM,10:12,612,,,,,,,,,,,,,,,,,,,,,,,,,,,,,,,,,,,,,,,,,,,,,,,,,,,,,,,,,,,,,,,,,,,,,,,,,,,,,,,,,,RTE: 61-62 SCHD: 10:12,--> O: 03:06 PM > I: 01:18 AM,,,,,,,,,,,,,,,,,,,
MidvaleSaturday208,Midvale,2-28-2026,Saturday,,,,208,2023-10-11 03:42 PM,,2023-10-12 1:52 AM,10:00,11.0,,61-62,3708,O,03:57 PM,I,01:50 AM,9:53,593,,,,,,,,,,,,,,,,,,,,,,,,,,,,,,,,,,,,,,,,,,,,,,,,,,,,,,,,,,,,,,,,,,,,,,,,,,,,,,,,,,RTE: 61-62 SCHD: 9:53,--> O: 03:57 PM > I: 01:50 AM,,,,,,,,,,,,,,,,,,,
MidvaleSaturday209,Midvale,2-28-2026,Saturday,,,,209,2023-10-11 04:33 PM,,2023-10-12 2:22 AM,9:39,10.5,,61-62,3709,O,04:48 PM,I,02:20 AM,9:32,572,,,,,,,,,,,,,,,,,,,,,,,,,,,,,,,,,,,,,,,,,,,,,,,,,,,,,,,,,,,,,,,,,,,,,,,,,,,,,,,,,,RTE: 61-62 SCHD: 9:32,--> O: 04:48 PM > I: 02:20 AM,,,,,,,,,,,,,,,,,,,
MidvaleSaturday551,Midvale,2-28-2026,Saturday,,,,551,2023-10-11 05:04 AM,,2023-10-11 1:40 PM,8:26,8.7,,71-81,3271,O,05:19 AM,I,01:38 PM,8:19,499,,,,,,,,,,,,,,,,,,,,,,,,,,,,,,,,,,,,,,,,,,,,,,,,,,,,,,,,,,,,,,,,,,,,,,,,,,,,,,,,,,RTE: 71-81 SCHD: 8:19,--> O: 05:19 AM > I: 01:38 PM,,,,,,,,,,,,,,,,,,,
MidvaleSaturday552,Midvale,2-28-2026,Saturday,,,,552,2023-10-11 05:17 AM,,2023-10-11 2:00 PM,8:33,8.8,,71-81,3272,O,05:32 AM,I,01:58 PM,8:26,506,,,,,,,,,,,,,,,,,,,,,,,,,,,,,,,,,,,,,,,,,,,,,,,,,,,,,,,,,,,,,,,,,,,,,,,,,,,,,,,,,,RTE: 71-81 SCHD: 8:26,--> O: 05:32 AM > I: 01:58 PM,,,,,,,,,,,,,,,,,,,
MidvaleSaturday553,Midvale,2-28-2026,Saturday,,,,553,2023-10-11 05:38 AM,,2023-10-11 2:38 PM,8:50,9.3,,71-81,3273,O,05:53 AM,CG,08:59 AM,3:06,186,,23-45,3273,CG,08:59 AM,I,02:36 PM,5:37,337,,,,,,,,,,,,,,,,,,,,,,,,,,,,,,,,,,,,,,,,,,,,,,,,,,,,,,,,,,,,,,,,,,,,,,,,,RTE: 71-81 SCHD: 3:06,--> O: 05:53 AM > CG: 08:59 AM,RTE: 23-45 SCHD: 5:37,--> CG: 08:59 AM > I: 02:36 PM,,,,,,,,,,,,,,,,,
MidvaleSaturday554,Midvale,2-28-2026,Saturday,,,,554,2023-10-11 05:44 AM,,2023-10-11 4:11 PM,10:17,11.4,,71-81,3274,O,05:59 AM,I,04:09 PM,10:10,610,,,,,,,,,,,,,,,,,,,,,,,,,,,,,,,,,,,,,,,,,,,,,,,,,,,,,,,,,,,,,,,,,,,,,,,,,,,,,,,,,,RTE: 71-81 SCHD: 10:10,--> O: 05:59 AM > I: 04:09 PM,,,,,,,,,,,,,,,,,,,
MidvaleSaturday555,Midvale,2-28-2026,Saturday,,,,555,2023-10-11 05:56 AM,,2023-10-11 4:31 PM,10:25,11.6,,71-81,3275,O,06:11 AM,I,04:29 PM,10:18,618,,,,,,,,,,,,,,,,,,,,,,,,,,,,,,,,,,,,,,,,,,,,,,,,,,,,,,,,,,,,,,,,,,,,,,,,,,,,,,,,,,RTE: 71-81 SCHD: 10:18,--> O: 06:11 AM > I: 04:29 PM,,,,,,,,,,,,,,,,,,,
MidvaleSaturday556,Midvale,2-28-2026,Saturday,,,,556,2023-10-11 06:57 AM,,2023-10-11 6:00 PM,10:53,12.3,,71-81,3276,O,07:12 AM,I,05:58 PM,10:46,646,,,,,,,,,,,,,,,,,,,,,,,,,,,,,,,,,,,,,,,,,,,,,,,,,,,,,,,,,,,,,,,,,,,,,,,,,,,,,,,,,,RTE: 71-81 SCHD: 10:46,--> O: 07:12 AM > I: 05:58 PM,,,,,,,,,,,,,,,,,,,
MidvaleSaturday557,Midvale,2-28-2026,Saturday,,,,557,2023-10-11 07:52 AM,,2023-10-11 6:20 PM,10:18,11.5,,71-81,3277,O,08:07 AM,CG,12:27 PM,4:20,260,,23-45,3277,CG,12:27 PM,I,06:18 PM,5:51,351,,,,,,,,,,,,,,,,,,,,,,,,,,,,,,,,,,,,,,,,,,,,,,,,,,,,,,,,,,,,,,,,,,,,,,,,,RTE: 71-81 SCHD: 4:20,--> O: 08:07 AM > CG: 12:27 PM,RTE: 23-45 SCHD: 5:51,--> CG: 12:27 PM > I: 06:18 PM,,,,,,,,,,,,,,,,,
MidvaleSaturday558,Midvale,2-28-2026,Saturday,,,,558,2023-10-11 07:59 AM,,2023-10-11 6:32 PM,10:23,11.6,,71-81,3278,O,08:14 AM,I,06:30 PM,10:16,616,,,,,,,,,,,,,,,,,,,,,,,,,,,,,,,,,,,,,,,,,,,,,,,,,,,,,,,,,,,,,,,,,,,,,,,,,,,,,,,,,,RTE: 71-81 SCHD: 10:16,--> O: 08:14 AM > I: 06:30 PM,,,,,,,,,,,,,,,,,,,
MidvaleSaturday559,Midvale,2-28-2026,Saturday,,,,559,2023-10-11 08:15 AM,,2023-10-11 6:16 PM,9:51,10.8,,71-81,3279,O,08:30 AM,I,06:14 PM,9:44,584,,,,,,,,,,,,,,,,,,,,,,,,,,,,,,,,,,,,,,,,,,,,,,,,,,,,,,,,,,,,,,,,,,,,,,,,,,,,,,,,,,RTE: 71-81 SCHD: 9:44,--> O: 08:30 AM > I: 06:14 PM,,,,,,,,,,,,,,,,,,,
MidvaleSaturday560,Midvale,2-28-2026,Saturday,,,,560,2023-10-11 09:05 AM,,2023-10-11 7:30 PM,10:15,11.4,,71-81,3280,O,09:20 AM,I,07:28 PM,10:08,608,,,,,,,,,,,,,,,,,,,,,,,,,,,,,,,,,,,,,,,,,,,,,,,,,,,,,,,,,,,,,,,,,,,,,,,,,,,,,,,,,,RTE: 71-81 SCHD: 10:08,--> O: 09:20 AM > I: 07:28 PM,,,,,,,,,,,,,,,,,,,
MidvaleSaturday561,Midvale,2-28-2026,Saturday,,,,561,2023-10-11 11:19 AM,,2023-10-11 7:54 PM,8:25,8.6,,71-81,3281,O,11:34 AM,I,07:52 PM,8:18,498,,,,,,,,,,,,,,,,,,,,,,,,,,,,,,,,,,,,,,,,,,,,,,,,,,,,,,,,,,,,,,,,,,,,,,,,,,,,,,,,,,RTE: 71-81 SCHD: 8:18,--> O: 11:34 AM > I: 07:52 PM,,,,,,,,,,,,,,,,,,,
MidvaleSaturday562,Midvale,2-28-2026,Saturday,,,,562,2023-10-11 11:24 AM,,2023-10-11 8:09 PM,8:35,8.9,,71-81,3282,O,11:39 AM,I,08:07 PM,8:28,508,,,,,,,,,,,,,,,,,,,,,,,,,,,,,,,,,,,,,,,,,,,,,,,,,,,,,,,,,,,,,,,,,,,,,,,,,,,,,,,,,,RTE: 71-81 SCHD: 8:28,--> O: 11:39 AM > I: 08:07 PM,,,,,,,,,,,,,,,,,,,
MidvaleSaturday563,Midvale,2-28-2026,Saturday,,,,563,2023-10-11 01:17 PM,,2023-10-11 9:59 PM,8:32,8.8,,71-81,3283,O,01:32 PM,I,09:57 PM,8:25,505,,,,,,,,,,,,,,,,,,,,,,,,,,,,,,,,,,,,,,,,,,,,,,,,,,,,,,,,,,,,,,,,,,,,,,,,,,,,,,,,,,RTE: 71-81 SCHD: 8:25,--> O: 01:32 PM > I: 09:57 PM,,,,,,,,,,,,,,,,,,,
MidvaleSaturday564,Midvale,2-28-2026,Saturday,,,,564,2023-10-11 01:27 PM,,2023-10-11 10:10 PM,8:33,8.8,,71-81,3284,O,01:42 PM,I,10:08 PM,8:26,506,,,,,,,,,,,,,,,,,,,,,,,,,,,,,,,,,,,,,,,,,,,,,,,,,,,,,,,,,,,,,,,,,,,,,,,,,,,,,,,,,,RTE: 71-81 SCHD: 8:26,--> O: 01:42 PM > I: 10:08 PM,,,,,,,,,,,,,,,,,,,
MidvaleSaturday565,Midvale,2-28-2026,Saturday,,,,565,2023-10-11 03:04 PM,,2023-10-11 11:11 PM,7:57,8.0,,71-81,3285,O,03:19 PM,I,11:09 PM,7:50,470,,,,,,,,,,,,,,,,,,,,,,,,,,,,,,,,,,,,,,,,,,,,,,,,,,,,,,,,,,,,,,,,,,,,,,,,,,,,,,,,,,RTE: 71-81 SCHD: 7:50,--> O: 03:19 PM > I: 11:09 PM,,,,,,,,,,,,,,,,,,,
MidvaleSaturday566,Midvale,2-28-2026,Saturday,,,,566,2023-10-11 04:01 PM,,2023-10-12 1:01 AM,8:50,9.3,,71-81,3287,O,04:16 PM,CG,08:26 PM,4:10,250,,23-45,3287,CG,08:26 PM,I,12:59 AM,4:33,273,,,,,,,,,,,,,,,,,,,,,,,,,,,,,,,,,,,,,,,,,,,,,,,,,,,,,,,,,,,,,,,,,,,,,,,,,RTE: 71-81 SCHD: 4:10,--> O: 04:16 PM > CG: 08:26 PM,RTE: 23-45 SCHD: 4:33,--> CG: 08:26 PM > I: 12:59 AM,,,,,,,,,,,,,,,,,
MidvaleSaturday567,Midvale,2-28-2026,Saturday,,,,567,2023-10-11 04:07 PM,,2023-10-12 1:25 AM,9:08,9.7,,71-81,3288,O,04:22 PM,CG,07:18 PM,2:56,176,,4-16,3288,CG,07:18 PM,I,01:23 AM,6:05,365,,,,,,,,,,,,,,,,,,,,,,,,,,,,,,,,,,,,,,,,,,,,,,,,,,,,,,,,,,,,,,,,,,,,,,,,,RTE: 71-81 SCHD: 2:56,--> O: 04:22 PM > CG: 07:18 PM,RTE: 4-16 SCHD: 6:05,--> CG: 07:18 PM > I: 01:23 AM,,,,,,,,,,,,,,,,,
MidvaleSaturday568,Midvale,2-28-2026,Saturday,,,,568,2023-10-11 03:47 PM,,2023-10-12 2:00 AM,10:03,11.1,,71-81,3286,O,04:02 PM,I,01:58 AM,9:56,596,,,,,,,,,,,,,,,,,,,,,,,,,,,,,,,,,,,,,,,,,,,,,,,,,,,,,,,,,,,,,,,,,,,,,,,,,,,,,,,,,,RTE: 71-81 SCHD: 9:56,--> O: 04:02 PM > I: 01:58 AM,,,,,,,,,,,,,,,,,,,
MidvaleSaturday569,Midvale,2-28-2026,Saturday,,,,569,2023-10-11 05:37 PM,,2023-10-12 3:03 AM,9:16,9.9,,71-81,3289,O,05:52 PM,I,03:01 AM,9:09,549,,,,,,,,,,,,,,,,,,,,,,,,,,,,,,,,,,,,,,,,,,,,,,,,,,,,,,,,,,,,,,,,,,,,,,,,,,,,,,,,,,RTE: 71-81 SCHD: 9:09,--> O: 05:52 PM > I: 03:01 AM,,,,,,,,,,,,,,,,,,,
MidvaleSaturday465,Midvale,2-28-2026,Saturday,,,,465,2023-10-11 05:50 AM,,2023-10-11 3:50 PM,9:50,10.8,,77,3671,O,06:05 AM,CG,09:06 AM,3:01,181,,56,3671,CG,09:06 AM,I,03:48 PM,6:42,402,,,,,,,,,,,,,,,,,,,,,,,,,,,,,,,,,,,,,,,,,,,,,,,,,,,,,,,,,,,,,,,,,,,,,,,,,RTE: 77 SCHD: 3:01,--> O: 06:05 AM > CG: 09:06 AM,RTE: 56 SCHD: 6:42,--> CG: 09:06 AM > I: 03:48 PM,,,,,,,,,,,,,,,,,
MidvaleSaturday466,Midvale,2-28-2026,Saturday,,,,466,2023-10-11 06:06 AM,,2023-10-11 2:29 PM,8:13,8.3,,77,3672,O,06:21 AM,CG,11:36 AM,5:15,315,,47,3672,CG,11:36 AM,I,02:27 PM,2:51,171,,,,,,,,,,,,,,,,,,,,,,,,,,,,,,,,,,,,,,,,,,,,,,,,,,,,,,,,,,,,,,,,,,,,,,,,,RTE: 77 SCHD: 5:15,--> O: 06:21 AM > CG: 11:36 AM,RTE: 47 SCHD: 2:51,--> CG: 11:36 AM > I: 02:27 PM,,,,,,,,,,,,,,,,,
MidvaleSaturday467,Midvale,2-28-2026,Saturday,,,,467,2023-10-11 06:50 AM,,2023-10-11 5:30 PM,10:30,11.8,,77,3673,O,07:05 AM,CG,10:20 AM,3:15,195,,2,3673,CG,10:20 AM,I,05:28 PM,7:08,428,,,,,,,,,,,,,,,,,,,,,,,,,,,,,,,,,,,,,,,,,,,,,,,,,,,,,,,,,,,,,,,,,,,,,,,,,RTE: 77 SCHD: 3:15,--> O: 07:05 AM > CG: 10:20 AM,RTE: 2 SCHD: 7:08,--> CG: 10:20 AM > I: 05:28 PM,,,,,,,,,,,,,,,,,
MidvaleSaturday468,Midvale,2-28-2026,Saturday,,,,468,2023-10-11 09:46 AM,,2023-10-11 7:03 PM,9:07,9.7,,77,3675,O,10:01 AM,I,07:01 PM,9:00,540,,,,,,,,,,,,,,,,,,,,,,,,,,,,,,,,,,,,,,,,,,,,,,,,,,,,,,,,,,,,,,,,,,,,,,,,,,,,,,,,,,RTE: 77 SCHD: 9:00,--> O: 10:01 AM > I: 07:01 PM,,,,,,,,,,,,,,,,,,,
MidvaleSaturday469,Midvale,2-28-2026,Saturday,,,,469,2023-10-11 08:46 AM,,2023-10-11 7:48 PM,10:52,12.3,,77,3674,O,09:01 AM,I,07:46 PM,10:45,645,,,,,,,,,,,,,,,,,,,,,,,,,,,,,,,,,,,,,,,,,,,,,,,,,,,,,,,,,,,,,,,,,,,,,,,,,,,,,,,,,,RTE: 77 SCHD: 10:45,--> O: 09:01 AM > I: 07:46 PM,,,,,,,,,,,,,,,,,,,
MidvaleSaturday470,Midvale,2-28-2026,Saturday,,,,470,2023-10-11 10:46 AM,,2023-10-11 8:02 PM,9:06,9.7,,77,3676,O,11:01 AM,I,08:00 PM,8:59,539,,,,,,,,,,,,,,,,,,,,,,,,,,,,,,,,,,,,,,,,,,,,,,,,,,,,,,,,,,,,,,,,,,,,,,,,,,,,,,,,,,RTE: 77 SCHD: 8:59,--> O: 11:01 AM > I: 08:00 PM,,,,,,,,,,,,,,,,,,,
MidvaleSaturday451,Midvale,2-28-2026,Saturday,,,,451,2023-10-11 05:57 AM,,2023-10-11 3:42 PM,9:35,10.4,,89,3451,O,06:12 AM,I,03:40 PM,9:28,568,,,,,,,,,,,,,,,,,,,,,,,,,,,,,,,,,,,,,,,,,,,,,,,,,,,,,,,,,,,,,,,,,,,,,,,,,,,,,,,,,,RTE: 89 SCHD: 9:28,--> O: 06:12 AM > I: 03:40 PM,,,,,,,,,,,,,,,,,,,
MidvaleSaturday452,Midvale,2-28-2026,Saturday,,,,452,2023-10-11 06:57 AM,,2023-10-11 4:42 PM,9:35,10.4,,89,3452,O,07:12 AM,I,04:40 PM,9:28,568,,,,,,,,,,,,,,,,,,,,,,,,,,,,,,,,,,,,,,,,,,,,,,,,,,,,,,,,,,,,,,,,,,,,,,,,,,,,,,,,,,RTE: 89 SCHD: 9:28,--> O: 07:12 AM > I: 04:40 PM,,,,,,,,,,,,,,,,,,,
MidvaleSaturday453,Midvale,2-28-2026,Saturday,,,,453,2023-10-11 02:56 PM,,2023-10-12 12:31 AM,9:25,10.1,,89,3453,O,03:11 PM,I,12:29 AM,9:18,558,,,,,,,,,,,,,,,,,,,,,,,,,,,,,,,,,,,,,,,,,,,,,,,,,,,,,,,,,,,,,,,,,,,,,,,,,,,,,,,,,,RTE: 89 SCHD: 9:18,--> O: 03:11 PM > I: 12:29 AM,,,,,,,,,,,,,,,,,,,
MidvaleSaturday454,Midvale,2-28-2026,Saturday,,,,454,2023-10-11 03:56 PM,,2023-10-12 1:39 AM,9:33,10.3,,89,3454,O,04:11 PM,I,01:37 AM,9:26,566,,,,,,,,,,,,,,,,,,,,,,,,,,,,,,,,,,,,,,,,,,,,,,,,,,,,,,,,,,,,,,,,,,,,,,,,,,,,,,,,,,RTE: 89 SCHD: 9:26,--> O: 04:11 PM > I: 01:37 AM,,,,,,,,,,,,,,,,,,,
MidvaleSaturday651,Midvale,2-28-2026,Saturday,,,,651,2023-10-10 11:57 PM,,2023-10-11 7:55 AM,7:48,8.0,,B1 OWL,3553,O,12:12 AM,CG,05:40 AM,5:28,328,,4-16,3553,CG,05:40 AM,I,07:53 AM,2:13,133,,,,,,,,,,,,,,,,,,,,,,,,,,,,,,,,,,,,,,,,,,,,,,,,,,,,,,,,,,,,,,,,,,,,,,,,,RTE: B1 OWL SCHD: 5:28,--> O: 12:12 AM > CG: 05:40 AM,RTE: 4-16 SCHD: 2:13,--> CG: 05:40 AM > I: 07:53 AM,,,,,,,,,,,,,,,,,
MidvaleSaturday652,Midvale,2-28-2026,Saturday,,,,652,2023-10-10 11:46 PM,,2023-10-11 8:04 AM,8:08,8.2,,B1 OWL,3551,O,12:01 AM,CG,06:02 AM,6:01,361,,51,3551,CG,06:02 AM,I,08:02 AM,2:00,120,,,,,,,,,,,,,,,,,,,,,,,,,,,,,,,,,,,,,,,,,,,,,,,,,,,,,,,,,,,,,,,,,,,,,,,,,RTE: B1 OWL SCHD: 6:01,--> O: 12:01 AM > CG: 06:02 AM,RTE: 51 SCHD: 2:00,--> CG: 06:02 AM > I: 08:02 AM,,,,,,,,,,,,,,,,,
MidvaleSaturday653,Midvale,2-28-2026,Saturday,,,,653,2023-10-10 11:57 PM,,2023-10-11 8:25 AM,8:18,8.5,,B1 OWL,3552,O,12:12 AM,CG,05:46 AM,5:34,334,,32,3552,CG,05:46 AM,I,08:23 AM,2:37,157,,,,,,,,,,,,,,,,,,,,,,,,,,,,,,,,,,,,,,,,,,,,,,,,,,,,,,,,,,,,,,,,,,,,,,,,,RTE: B1 OWL SCHD: 5:34,--> O: 12:12 AM > CG: 05:46 AM,RTE: 32 SCHD: 2:37,--> CG: 05:46 AM > I: 08:23 AM,,,,,,,,,,,,,,,,,
MidvaleSaturday654,Midvale,2-28-2026,Saturday,,,,654,2023-10-11 12:12 AM,,2023-10-11 9:10 AM,8:48,9.2,,B1 OWL,3554,O,12:27 AM,CG,06:26 AM,5:59,359,,39,3554,CG,06:26 AM,I,09:08 AM,2:42,162,,,,,,,,,,,,,,,,,,,,,,,,,,,,,,,,,,,,,,,,,,,,,,,,,,,,,,,,,,,,,,,,,,,,,,,,,RTE: B1 OWL SCHD: 5:59,--> O: 12:27 AM > CG: 06:26 AM,RTE: 39 SCHD: 2:42,--> CG: 06:26 AM > I: 09:08 AM,,,,,,,,,,,,,,,,,
