myid,depot,eff_date,day,pullout2,swingdur,swingdursec,runno,start,arrive,finish,worktime,pay,leave,r1,b1,potype1,pot1,pitype1,pit1,stime1,stimeint1,start22,r2,b2,potype2,pot2,pitype2,pit2,stime2,stimeint2,start23,r3,b3,potype3,pot3,pitype3,pit3,stime3,stimeint3,start24,r4,b4,potype4,pot4,pitype4,pit4,stime4,stimeint4,start25,r5,b5,potype5,pot5,pitype5,pit5,stime5,stimeint5,start26,r6,b6,potype6,pot6,pitype6,pit6,stime6,stimeint6,start27,r7,b7,potype7,pot7,pitype7,pit7,stime7,stimeint7,start28,r8,b8,potype8,pot8,pitype8,pit8,stime8,stimeint8,start29,r9,b9,potype9,pot9,pitype9,pit9,stime9,stimeint9,start210,r10,b10,potype10,pot10,pitype10,pit10,stime10,stimeint10,sum1, sum12,sum2, sum22,sum3, sum32,sum4, sum42,sum5, sum52,sum6, sum62,sum7, sum72,sum8, sum82,sum9, sum92,sum10, sum102,,
Victory BusSunday1,Victory Bus,3-01-2026,Sunday,,,,1,2023-10-11 06:41 AM,,2023-10-11 3:26 PM,8.2,8.2,,103,4201,O,06:54 AM,CG,07:30 AM,0:36,36,,105,4201,CG,07:30 AM,CG,09:00 AM,1:30,90,,103,4201,CG,09:00 AM,CG,09:30 AM,0:30,30,,105,4201,CG,09:30 AM,L,10:35 AM,1:05,65,,105,4201,L,11:00 AM,CG,11:00 AM,0:00,0,,103,4201,CG,11:00 AM,CG,11:30 AM,0:30,30,,105,4201,CG,11:30 AM,CG,01:00 PM,1:30,90,,103,4201,CG,01:00 PM,CG,01:30 PM,0:30,30,,105,4201,CG,01:30 PM,CG,03:00 PM,1:30,90,,103,4201,CG,03:00 PM,I,03:24 PM,0:24,24,"['06:54 AM', '10:35 AM', '11:00 AM', '03:24 PM', '0Hrs 25Min', 1500]","['06:54 AM', '10:35 AM', '11:00 AM', '03:24 PM', '0Hrs 25Min', 1500]",RTE: 103 SCHD: 0:36,--> O: 06:54 AM > CG: 07:30 AM,RTE: 105 SCHD: 1:30,--> CG: 07:30 AM > CG: 09:00 AM,RTE: 103 SCHD: 0:30,--> CG: 09:00 AM > CG: 09:30 AM,RTE: 105 SCHD: 1:05,--> CG: 09:30 AM > L: 10:35 AM,RTE: 105 SCHD: 0:00,--> L: 11:00 AM > CG: 11:00 AM,RTE: 103 SCHD: 0:30,--> CG: 11:00 AM > CG: 11:30 AM,RTE: 105 SCHD: 1:30,--> CG: 11:30 AM > CG: 01:00 PM,RTE: 103 SCHD: 0:30,--> CG: 01:00 PM > CG: 01:30 PM,RTE: 105 SCHD: 1:30,--> CG: 01:30 PM > CG: 03:00 PM,RTE: 103 SCHD: 0:24,--> CG: 03:00 PM > I: 03:24 PM
Victory BusSunday26,Victory Bus,3-01-2026,Sunday,,,,26,2023-10-11 04:47 AM,,2023-10-11 1:34 PM,8.1,8.1,,104,4215,O,05:00 AM,L,09:05 AM,4:05,245,,104,4215,L,09:35 AM,I,01:32 PM,3:57,237,"['05:00 AM', '09:05 AM', '09:35 AM', '01:32 PM', '0Hrs 30Min', 1800]","['05:00 AM', '09:05 AM', '09:35 AM', '01:32 PM', '0Hrs 30Min', 1800]",,,,,,,,,,,,,,,,,,,,,,,,,,,,,,,,,,,,,,,,,,,,,,,,,,,,,,,,,,,,,,,,,,,,,,,RTE: 104 SCHD: 4:05,--> O: 05:00 AM > L: 09:05 AM,RTE: 104 SCHD: 3:57,--> L: 09:35 AM > I: 01:32 PM,,,,,,,,,,,,,,,,,,
Victory BusSunday27,Victory Bus,3-01-2026,Sunday,01:01 PM,4Hrs 26Min,15960,27,2023-10-11 05:17 AM,1:09,2023-10-11 1:09 PM,7.2,8.0,,104,4216,O,05:30 AM,L,08:35 AM,3:05,185,,104,4216,L,09:05 AM,R,01:01 PM,3:56,236,"['05:30 AM', '08:35 AM', '09:05 AM', '01:01 PM', '0Hrs 30Min', 1800]","['05:30 AM', '08:35 AM', '09:05 AM', '01:01 PM', '0Hrs 30Min', 1800]",,,,,,,,,,,,,,,,,,,,,,,,,,,,,,,,,,,,,,,,,,,,,,,,,,,,,,,,,,,,,,,,,,,,,,,RTE: 104 SCHD: 3:05,--> O: 05:30 AM > L: 08:35 AM,RTE: 104 SCHD: 3:56,--> L: 09:05 AM > R: 01:01 PM,,,,,,,,,,,,,,,,,,
Victory BusSunday28,Victory Bus,3-01-2026,Sunday,,,,28,2023-10-11 05:47 AM,,2023-10-11 5:11 PM,10.7,10.7,,104,4217,O,06:00 AM,L,08:02 AM,2:02,122,,104,4217,L,08:35 AM,CG,11:15 AM,2:40,160,,108,4217,CG,11:15 AM,I,05:09 PM,5:54,354,"['06:00 AM', '08:02 AM', '08:35 AM', '05:09 PM', '0Hrs 33Min', 1980]","['06:00 AM', '08:02 AM', '08:35 AM', '05:09 PM', '0Hrs 33Min', 1980]",,,,,,,,,,,,,,,,,,,,,,,,,,,,,,,,,,,,,,,,,,,,,,,,,,,,,,,,,,,,,,RTE: 104 SCHD: 2:02,--> O: 06:00 AM > L: 08:02 AM,RTE: 104 SCHD: 2:40,--> L: 08:35 AM > CG: 11:15 AM,RTE: 108 SCHD: 5:54,--> CG: 11:15 AM > I: 05:09 PM,,,,,,,,,,,,,,,,
Victory BusSunday29,Victory Bus,3-01-2026,Sunday,02:33 PM,3Hrs 35Min,12900,29,2023-10-11 07:47 AM,,2023-10-11 6:51 PM,10.4,10.4,,104,4218,O,08:00 AM,L,10:58 AM,2:58,178,,104,4218,L,11:27 AM,R,02:33 PM,3:06,186,,109,4402,R,02:57 PM,I,06:49 PM,3:52,232,"['08:00 AM', '10:58 AM', '11:27 AM', '02:33 PM', '0Hrs 29Min', 1740, '02:57 PM', '06:49 PM']","['08:00 AM', '10:58 AM', '11:27 AM', '02:33 PM', '0Hrs 29Min', 1740, '02:57 PM', '06:49 PM']",,,,,,,,,,,,,,,,,,,,,,,,,,,,,,,,,,,,,,,,,,,,,,,,,,,,,,,,,,,,,,RTE: 104 SCHD: 2:58,--> O: 08:00 AM > L: 10:58 AM,RTE: 104 SCHD: 3:06,--> L: 11:27 AM > R: 02:33 PM,RTE: 109 SCHD: 3:52,--> R: 02:57 PM > I: 06:49 PM,,,,,,,,,,,,,,,,
Victory BusSunday30,Victory Bus,3-01-2026,Sunday,,,,30,2023-10-11 08:42 AM,,2023-10-11 7:53 PM,10.5,10.5,,104,4219,O,08:55 AM,L,12:26 PM,3:31,211,,104,4219,L,01:05 PM,CG,07:14 PM,6:09,369,,123,4219,CG,07:14 PM,I,07:51 PM,0:37,37,"['08:55 AM', '12:26 PM', '01:05 PM', '07:51 PM', '0Hrs 39Min', 2340]","['08:55 AM', '12:26 PM', '01:05 PM', '07:51 PM', '0Hrs 39Min', 2340]",,,,,,,,,,,,,,,,,,,,,,,,,,,,,,,,,,,,,,,,,,,,,,,,,,,,,,,,,,,,,,RTE: 104 SCHD: 3:31,--> O: 08:55 AM > L: 12:26 PM,RTE: 104 SCHD: 6:09,--> L: 01:05 PM > CG: 07:14 PM,RTE: 123 SCHD: 0:37,--> CG: 07:14 PM > I: 07:51 PM,,,,,,,,,,,,,,,,
Victory BusSunday31,Victory Bus,3-01-2026,Sunday,,,,31,2023-10-11 12:17 PM,,2023-10-11 9:05 PM,8.1,8.1,,104,4220,O,12:30 PM,CG,02:30 PM,2:00,120,,110,4220,CG,02:30 PM,L,04:33 PM,2:03,123,,110,4220,L,05:30 PM,I,09:03 PM,3:33,213,"['12:30 PM', '04:33 PM', '05:30 PM', '09:03 PM', '0Hrs 57Min', 3420]","['12:30 PM', '04:33 PM', '05:30 PM', '09:03 PM', '0Hrs 57Min', 3420]",,,,,,,,,,,,,,,,,,,,,,,,,,,,,,,,,,,,,,,,,,,,,,,,,,,,,,,,,,,,,,RTE: 104 SCHD: 2:00,--> O: 12:30 PM > CG: 02:30 PM,RTE: 110 SCHD: 2:03,--> CG: 02:30 PM > L: 04:33 PM,RTE: 110 SCHD: 3:33,--> L: 05:30 PM > I: 09:03 PM,,,,,,,,,,,,,,,,
Victory BusSunday32,Victory Bus,3-01-2026,Sunday,,,,32,2023-10-11 02:17 PM,,2023-10-12 12:09 AM,9.4,9.4,,104,4221,O,02:30 PM,CG,04:05 PM,1:35,95,,109,4221,CG,04:05 PM,L,05:45 PM,1:40,100,,109,4221,L,06:05 PM,CG,08:00 PM,1:55,115,,111,4221,CG,08:00 PM,CG,10:38 PM,2:38,158,,109,4221,CG,10:38 PM,I,12:07 AM,1:29,89,"['02:30 PM', '05:45 PM', '06:05 PM', '12:07 AM', '0Hrs 20Min', 1200]","['02:30 PM', '05:45 PM', '06:05 PM', '12:07 AM', '0Hrs 20Min', 1200]",,,,,,,,,,,,,,,,,,,,,,,,,,,,,,,,,,,,,,,,,,,,RTE: 104 SCHD: 1:35,--> O: 02:30 PM > CG: 04:05 PM,RTE: 109 SCHD: 1:40,--> CG: 04:05 PM > L: 05:45 PM,RTE: 109 SCHD: 1:55,--> L: 06:05 PM > CG: 08:00 PM,RTE: 111 SCHD: 2:38,--> CG: 08:00 PM > CG: 10:38 PM,RTE: 109 SCHD: 1:29,--> CG: 10:38 PM > I: 12:07 AM,,,,,,,,,,,,
Victory BusSunday33,Victory Bus,3-01-2026,Sunday,,,,33,2023-10-11 04:17 PM,,2023-10-12 1:18 AM,8.3,8.3,,104,4222,O,04:30 PM,L,08:08 PM,3:38,218,,104,4222,L,09:05 PM,I,01:16 AM,4:11,251,"['04:30 PM', '08:08 PM', '09:05 PM', '01:16 AM', '0Hrs 57Min', 3420]","['04:30 PM', '08:08 PM', '09:05 PM', '01:16 AM', '0Hrs 57Min', 3420]",,,,,,,,,,,,,,,,,,,,,,,,,,,,,,,,,,,,,,,,,,,,,,,,,,,,,,,,,,,,,,,,,,,,,,,RTE: 104 SCHD: 3:38,--> O: 04:30 PM > L: 08:08 PM,RTE: 104 SCHD: 4:11,--> L: 09:05 PM > I: 01:16 AM,,,,,,,,,,,,,,,,,,
Victory BusSunday34,Victory Bus,3-01-2026,Sunday,,,,34,2023-10-11 04:47 PM,,2023-10-12 2:19 AM,8.9,8.9,,104,4223,O,05:00 PM,L,07:18 PM,2:18,138,,104,4223,L,08:05 PM,I,02:17 AM,6:12,372,"['05:00 PM', '07:18 PM', '08:05 PM', '02:17 AM', '0Hrs 47Min', 2820]","['05:00 PM', '07:18 PM', '08:05 PM', '02:17 AM', '0Hrs 47Min', 2820]",,,,,,,,,,,,,,,,,,,,,,,,,,,,,,,,,,,,,,,,,,,,,,,,,,,,,,,,,,,,,,,,,,,,,,,RTE: 104 SCHD: 2:18,--> O: 05:00 PM > L: 07:18 PM,RTE: 104 SCHD: 6:12,--> L: 08:05 PM > I: 02:17 AM,,,,,,,,,,,,,,,,,,
Victory BusSunday76,Victory Bus,3-01-2026,Sunday,,,,76,2023-10-11 06:14 AM,,2023-10-11 3:42 PM,8.9,8.9,,105,4301,O,06:27 AM,CG,08:00 AM,1:33,93,,103,4301,CG,08:00 AM,CG,08:30 AM,0:30,30,,105,4301,CG,08:30 AM,L,09:35 AM,1:05,65,,105,4301,L,10:00 AM,CG,10:00 AM,0:00,0,,103,4301,CG,10:00 AM,CG,10:30 AM,0:30,30,,105,4301,CG,10:30 AM,CG,12:00 PM,1:30,90,,103,4301,CG,12:00 PM,CG,12:30 PM,0:30,30,,105,4301,CG,12:30 PM,CG,02:00 PM,1:30,90,,103,4301,CG,02:00 PM,CG,02:30 PM,0:30,30,,105,4301,CG,02:30 PM,I,03:40 PM,1:10,70,"['06:27 AM', '09:35 AM', '10:00 AM', '03:40 PM', '0Hrs 25Min', 1500]","['06:27 AM', '09:35 AM', '10:00 AM', '03:40 PM', '0Hrs 25Min', 1500]",RTE: 105 SCHD: 1:33,--> O: 06:27 AM > CG: 08:00 AM,RTE: 103 SCHD: 0:30,--> CG: 08:00 AM > CG: 08:30 AM,RTE: 105 SCHD: 1:05,--> CG: 08:30 AM > L: 09:35 AM,RTE: 105 SCHD: 0:00,--> L: 10:00 AM > CG: 10:00 AM,RTE: 103 SCHD: 0:30,--> CG: 10:00 AM > CG: 10:30 AM,RTE: 105 SCHD: 1:30,--> CG: 10:30 AM > CG: 12:00 PM,RTE: 103 SCHD: 0:30,--> CG: 12:00 PM > CG: 12:30 PM,RTE: 105 SCHD: 1:30,--> CG: 12:30 PM > CG: 02:00 PM,RTE: 103 SCHD: 0:30,--> CG: 02:00 PM > CG: 02:30 PM,RTE: 105 SCHD: 1:10,--> CG: 02:30 PM > I: 03:40 PM
Victory BusSunday77,Victory Bus,3-01-2026,Sunday,,,,77,2023-10-11 03:14 PM,,2023-10-11 11:56 PM,8.1,8.1,,105,4302,O,03:27 PM,CG,05:00 PM,1:33,93,,103,4302,CG,05:00 PM,CG,05:30 PM,0:30,30,,105,4302,CG,05:30 PM,CG,07:00 PM,1:30,90,,103,4302,CG,07:00 PM,CG,07:30 PM,0:30,30,,105,4302,CG,07:30 PM,L,08:32 PM,1:02,62,,105,4302,L,09:00 PM,CG,09:00 PM,0:00,0,,103,4302,CG,09:00 PM,CG,09:30 PM,0:30,30,,105,4302,CG,09:30 PM,I,11:54 PM,2:24,144,"['03:27 PM', '08:32 PM', '09:00 PM', '11:54 PM', '0Hrs 28Min', 1680]","['03:27 PM', '08:32 PM', '09:00 PM', '11:54 PM', '0Hrs 28Min', 1680]",,,,,,,,,,,,,,,,,RTE: 105 SCHD: 1:33,--> O: 03:27 PM > CG: 05:00 PM,RTE: 103 SCHD: 0:30,--> CG: 05:00 PM > CG: 05:30 PM,RTE: 105 SCHD: 1:30,--> CG: 05:30 PM > CG: 07:00 PM,RTE: 103 SCHD: 0:30,--> CG: 07:00 PM > CG: 07:30 PM,RTE: 105 SCHD: 1:02,--> CG: 07:30 PM > L: 08:32 PM,RTE: 105 SCHD: 0:00,--> L: 09:00 PM > CG: 09:00 PM,RTE: 103 SCHD: 0:30,--> CG: 09:00 PM > CG: 09:30 PM,RTE: 105 SCHD: 2:24,--> CG: 09:30 PM > I: 11:54 PM,,,,,,
Victory BusSunday151,Victory Bus,3-01-2026,Sunday,,,,151,2023-10-11 02:20 AM,,2023-10-11 11:05 AM,8.1,8.1,,108,4355,O,02:33 AM,L,04:34 AM,2:01,121,,108,4355,L,05:15 AM,I,11:03 AM,5:48,348,"['02:33 AM', '04:34 AM', '05:15 AM', '11:03 AM', '0Hrs 41Min', 2460]","['02:33 AM', '04:34 AM', '05:15 AM', '11:03 AM', '0Hrs 41Min', 2460]",,,,,,,,,,,,,,,,,,,,,,,,,,,,,,,,,,,,,,,,,,,,,,,,,,,,,,,,,,,,,,,,,,,,,,,RTE: 108 SCHD: 2:01,--> O: 02:33 AM > L: 04:34 AM,RTE: 108 SCHD: 5:48,--> L: 05:15 AM > I: 11:03 AM,,,,,,,,,,,,,,,,,,
Victory BusSunday152,Victory Bus,3-01-2026,Sunday,,,,152,2023-10-11 03:15 AM,,2023-10-11 11:36 AM,7.8,8.0,,108,4356,O,03:28 AM,L,07:24 AM,3:56,236,,108,4356,L,07:45 AM,I,11:34 AM,3:49,229,"['03:28 AM', '07:24 AM', '07:45 AM', '11:34 AM', '0Hrs 21Min', 1260]","['03:28 AM', '07:24 AM', '07:45 AM', '11:34 AM', '0Hrs 21Min', 1260]",,,,,,,,,,,,,,,,,,,,,,,,,,,,,,,,,,,,,,,,,,,,,,,,,,,,,,,,,,,,,,,,,,,,,,,RTE: 108 SCHD: 3:56,--> O: 03:28 AM > L: 07:24 AM,RTE: 108 SCHD: 3:49,--> L: 07:45 AM > I: 11:34 AM,,,,,,,,,,,,,,,,,,
Victory BusSunday153,Victory Bus,3-01-2026,Sunday,,,,153,2023-10-11 04:15 AM,,2023-10-11 2:38 PM,9.7,9.7,,108,4357,O,04:28 AM,L,06:14 AM,1:46,106,,108,4357,L,06:45 AM,I,02:36 PM,7:51,471,"['04:28 AM', '06:14 AM', '06:45 AM', '02:36 PM', '0Hrs 31Min', 1860]","['04:28 AM', '06:14 AM', '06:45 AM', '02:36 PM', '0Hrs 31Min', 1860]",,,,,,,,,,,,,,,,,,,,,,,,,,,,,,,,,,,,,,,,,,,,,,,,,,,,,,,,,,,,,,,,,,,,,,,RTE: 108 SCHD: 1:46,--> O: 04:28 AM > L: 06:14 AM,RTE: 108 SCHD: 7:51,--> L: 06:45 AM > I: 02:36 PM,,,,,,,,,,,,,,,,,,
Victory BusSunday154,Victory Bus,3-01-2026,Sunday,,,,154,2023-10-11 11:23 AM,,2023-10-11 10:46 PM,10.7,10.7,,108,4358,O,11:36 AM,L,04:03 PM,4:27,267,,108,4358,L,05:30 PM,CG,05:30 PM,0:00,0,,125,4358,CG,05:30 PM,I,10:44 PM,5:14,314,"['11:36 AM', '04:03 PM', '05:30 PM', '10:44 PM', '1Hrs 27Min', 5220]","['11:36 AM', '04:03 PM', '05:30 PM', '10:44 PM', '1Hrs 27Min', 5220]",,,,,,,,,,,,,,,,,,,,,,,,,,,,,,,,,,,,,,,,,,,,,,,,,,,,,,,,,,,,,,RTE: 108 SCHD: 4:27,--> O: 11:36 AM > L: 04:03 PM,RTE: 108 SCHD: 0:00,--> L: 05:30 PM > CG: 05:30 PM,RTE: 125 SCHD: 5:14,--> CG: 05:30 PM > I: 10:44 PM,,,,,,,,,,,,,,,,
Victory BusSunday155,Victory Bus,3-01-2026,Sunday,,,,155,2023-10-11 03:23 PM,,2023-10-12 1:33 AM,9.7,9.7,,108,4359,O,03:36 PM,L,09:27 PM,5:51,351,,108,4359,L,09:45 PM,I,01:31 AM,3:46,226,"['03:36 PM', '09:27 PM', '09:45 PM', '01:31 AM', '0Hrs 18Min', 1080]","['03:36 PM', '09:27 PM', '09:45 PM', '01:31 AM', '0Hrs 18Min', 1080]",,,,,,,,,,,,,,,,,,,,,,,,,,,,,,,,,,,,,,,,,,,,,,,,,,,,,,,,,,,,,,,,,,,,,,,RTE: 108 SCHD: 5:51,--> O: 03:36 PM > L: 09:27 PM,RTE: 108 SCHD: 3:46,--> L: 09:45 PM > I: 01:31 AM,,,,,,,,,,,,,,,,,,
Victory BusSunday156,Victory Bus,3-01-2026,Sunday,,,,156,2023-10-11 03:53 PM,,2023-10-12 12:33 AM,8.0,8.0,,108,4360,O,04:06 PM,L,06:04 PM,1:58,118,,108,4360,L,06:45 PM,I,12:31 AM,5:46,346,"['04:06 PM', '06:04 PM', '06:45 PM', '12:31 AM', '0Hrs 41Min', 2460]","['04:06 PM', '06:04 PM', '06:45 PM', '12:31 AM', '0Hrs 41Min', 2460]",,,,,,,,,,,,,,,,,,,,,,,,,,,,,,,,,,,,,,,,,,,,,,,,,,,,,,,,,,,,,,,,,,,,,,,RTE: 108 SCHD: 1:58,--> O: 04:06 PM > L: 06:04 PM,RTE: 108 SCHD: 5:46,--> L: 06:45 PM > I: 12:31 AM,,,,,,,,,,,,,,,,,,
Victory BusSunday157,Victory Bus,3-01-2026,Sunday,,,,157,2023-10-11 04:53 PM,,2023-10-12 3:41 AM,10.1,10.1,,108,4361,O,05:06 PM,L,12:56 AM,7:50,470,,108,4361,L,01:40 AM,I,03:39 AM,1:59,119,"['05:06 PM', '12:56 AM', '01:40 AM', '03:39 AM', '0Hrs 44Min', 2640]","['05:06 PM', '12:56 AM', '01:40 AM', '03:39 AM', '0Hrs 44Min', 2640]",,,,,,,,,,,,,,,,,,,,,,,,,,,,,,,,,,,,,,,,,,,,,,,,,,,,,,,,,,,,,,,,,,,,,,,RTE: 108 SCHD: 7:50,--> O: 05:06 PM > L: 12:56 AM,RTE: 108 SCHD: 1:59,--> L: 01:40 AM > I: 03:39 AM,,,,,,,,,,,,,,,,,,
Victory BusSunday158,Victory Bus,3-01-2026,Sunday,,,,158,2023-10-11 05:53 PM,,2023-10-12 2:32 AM,8.2,8.2,,108,4362,O,06:06 PM,L,09:57 PM,3:51,231,,108,4362,L,10:15 PM,I,02:30 AM,4:15,255,"['06:06 PM', '09:57 PM', '10:15 PM', '02:30 AM', '0Hrs 18Min', 1080]","['06:06 PM', '09:57 PM', '10:15 PM', '02:30 AM', '0Hrs 18Min', 1080]",,,,,,,,,,,,,,,,,,,,,,,,,,,,,,,,,,,,,,,,,,,,,,,,,,,,,,,,,,,,,,,,,,,,,,,RTE: 108 SCHD: 3:51,--> O: 06:06 PM > L: 09:57 PM,RTE: 108 SCHD: 4:15,--> L: 10:15 PM > I: 02:30 AM,,,,,,,,,,,,,,,,,,
Victory BusSunday176,Victory Bus,3-01-2026,Sunday,,,,176,2023-10-11 01:25 AM,,2023-10-11 11:31 AM,9.4,9.4,,109,4401,O,01:38 AM,CG,06:30 AM,4:52,292,,110,4401,CG,06:30 AM,L,08:20 AM,1:50,110,,110,4401,L,09:00 AM,CG,09:00 AM,0:00,0,,111,4401,CG,09:00 AM,I,11:29 AM,2:29,149,"['01:38 AM', '08:20 AM', '09:00 AM', '11:29 AM', '0Hrs 40Min', 2400]","['01:38 AM', '08:20 AM', '09:00 AM', '11:29 AM', '0Hrs 40Min', 2400]",,,,,,,,,,,,,,,,,,,,,,,,,,,,,,,,,,,,,,,,,,,,,,,,,,,,,RTE: 109 SCHD: 4:52,--> O: 01:38 AM > CG: 06:30 AM,RTE: 110 SCHD: 1:50,--> CG: 06:30 AM > L: 08:20 AM,RTE: 110 SCHD: 0:00,--> L: 09:00 AM > CG: 09:00 AM,RTE: 111 SCHD: 2:29,--> CG: 09:00 AM > I: 11:29 AM,,,,,,,,,,,,,,
Victory BusSunday177,Victory Bus,3-01-2026,Sunday,02:52 PM,6Hrs 14Min,22440,177,2023-10-11 05:17 AM,3:00,2023-10-11 3:00 PM,9.1,9.1,,109,4402,O,05:30 AM,L,08:38 AM,3:08,188,,109,4402,L,09:05 AM,R,02:52 PM,5:47,347,"['05:30 AM', '08:38 AM', '09:05 AM', '02:52 PM', '0Hrs 27Min', 1620]","['05:30 AM', '08:38 AM', '09:05 AM', '02:52 PM', '0Hrs 27Min', 1620]",,,,,,,,,,,,,,,,,,,,,,,,,,,,,,,,,,,,,,,,,,,,,,,,,,,,,,,,,,,,,,,,,,,,,,,RTE: 109 SCHD: 3:08,--> O: 05:30 AM > L: 08:38 AM,RTE: 109 SCHD: 5:47,--> L: 09:05 AM > R: 02:52 PM,,,,,,,,,,,,,,,,,,
Victory BusSunday178,Victory Bus,3-01-2026,Sunday,,,,178,2023-10-11 05:47 AM,,2023-10-11 1:54 PM,7.5,8.0,,109,4403,O,06:00 AM,L,09:40 AM,3:40,220,,109,4403,L,10:05 AM,I,01:52 PM,3:47,227,"['06:00 AM', '09:40 AM', '10:05 AM', '01:52 PM', '0Hrs 25Min', 1500]","['06:00 AM', '09:40 AM', '10:05 AM', '01:52 PM', '0Hrs 25Min', 1500]",,,,,,,,,,,,,,,,,,,,,,,,,,,,,,,,,,,,,,,,,,,,,,,,,,,,,,,,,,,,,,,,,,,,,,,RTE: 109 SCHD: 3:40,--> O: 06:00 AM > L: 09:40 AM,RTE: 109 SCHD: 3:47,--> L: 10:05 AM > I: 01:52 PM,,,,,,,,,,,,,,,,,,
Victory BusSunday179,Victory Bus,3-01-2026,Sunday,,,,179,2023-10-11 06:17 AM,,2023-10-11 3:54 PM,8.9,8.9,,109,4404,O,06:30 AM,CG,08:30 AM,2:00,120,,110,4404,CG,08:30 AM,L,10:20 AM,1:50,110,,110,4404,L,11:00 AM,CG,11:00 AM,0:00,0,,111,4404,CG,11:00 AM,CG,02:05 PM,3:05,185,,109,4404,CG,02:05 PM,I,03:52 PM,1:47,107,"['06:30 AM', '10:20 AM', '11:00 AM', '03:52 PM', '0Hrs 40Min', 2400]","['06:30 AM', '10:20 AM', '11:00 AM', '03:52 PM', '0Hrs 40Min', 2400]",,,,,,,,,,,,,,,,,,,,,,,,,,,,,,,,,,,,,,,,,,,,RTE: 109 SCHD: 2:00,--> O: 06:30 AM > CG: 08:30 AM,RTE: 110 SCHD: 1:50,--> CG: 08:30 AM > L: 10:20 AM,RTE: 110 SCHD: 0:00,--> L: 11:00 AM > CG: 11:00 AM,RTE: 111 SCHD: 3:05,--> CG: 11:00 AM > CG: 02:05 PM,RTE: 109 SCHD: 1:47,--> CG: 02:05 PM > I: 03:52 PM,,,,,,,,,,,,
Victory BusSunday180,Victory Bus,3-01-2026,Sunday,,,,180,2023-10-11 07:17 AM,,2023-10-11 5:51 PM,10.1,10.1,,109,4405,O,07:30 AM,L,11:15 AM,3:45,225,,109,4405,L,11:35 AM,CG,03:40 PM,4:05,245,,113,4405,CG,03:40 PM,I,05:49 PM,2:09,129,"['07:30 AM', '11:15 AM', '11:35 AM', '05:49 PM', '0Hrs 20Min', 1200]","['07:30 AM', '11:15 AM', '11:35 AM', '05:49 PM', '0Hrs 20Min', 1200]",,,,,,,,,,,,,,,,,,,,,,,,,,,,,,,,,,,,,,,,,,,,,,,,,,,,,,,,,,,,,,RTE: 109 SCHD: 3:45,--> O: 07:30 AM > L: 11:15 AM,RTE: 109 SCHD: 4:05,--> L: 11:35 AM > CG: 03:40 PM,RTE: 113 SCHD: 2:09,--> CG: 03:40 PM > I: 05:49 PM,,,,,,,,,,,,,,,,
Victory BusSunday181,Victory Bus,3-01-2026,Sunday,,,,181,2023-10-11 03:17 PM,,2023-10-12 1:06 AM,9.3,9.3,,109,4406,O,03:30 PM,L,09:15 PM,5:45,345,,109,4406,L,09:37 PM,I,01:04 AM,3:27,207,"['03:30 PM', '09:15 PM', '09:37 PM', '01:04 AM', '0Hrs 22Min', 1320]","['03:30 PM', '09:15 PM', '09:37 PM', '01:04 AM', '0Hrs 22Min', 1320]",,,,,,,,,,,,,,,,,,,,,,,,,,,,,,,,,,,,,,,,,,,,,,,,,,,,,,,,,,,,,,,,,,,,,,,RTE: 109 SCHD: 5:45,--> O: 03:30 PM > L: 09:15 PM,RTE: 109 SCHD: 3:27,--> L: 09:37 PM > I: 01:04 AM,,,,,,,,,,,,,,,,,,
Victory BusSunday182,Victory Bus,3-01-2026,Sunday,,,,182,2023-10-11 04:17 PM,,2023-10-12 2:05 AM,9.3,9.3,,109,4407,O,04:30 PM,L,08:14 PM,3:44,224,,109,4407,L,08:35 PM,CG,10:17 PM,1:42,102,,111,4407,CG,10:17 PM,CG,12:40 AM,2:23,143,,109,4407,CG,12:40 AM,I,02:03 AM,1:23,83,"['04:30 PM', '08:14 PM', '08:35 PM', '02:03 AM', '0Hrs 21Min', 1260]","['04:30 PM', '08:14 PM', '08:35 PM', '02:03 AM', '0Hrs 21Min', 1260]",,,,,,,,,,,,,,,,,,,,,,,,,,,,,,,,,,,,,,,,,,,,,,,,,,,,,RTE: 109 SCHD: 3:44,--> O: 04:30 PM > L: 08:14 PM,RTE: 109 SCHD: 1:42,--> L: 08:35 PM > CG: 10:17 PM,RTE: 111 SCHD: 2:23,--> CG: 10:17 PM > CG: 12:40 AM,RTE: 109 SCHD: 1:23,--> CG: 12:40 AM > I: 02:03 AM,,,,,,,,,,,,,,
Victory BusSunday201,Victory Bus,3-01-2026,Sunday,,,,201,2023-10-11 05:32 AM,,2023-10-11 1:36 PM,7.4,8.0,,110,4431,O,05:45 AM,CG,06:42 AM,0:57,57,,111,4431,CG,06:42 AM,L,10:24 AM,3:42,222,,111,4431,L,11:30 AM,CG,11:30 AM,0:00,0,,110,4431,CG,11:30 AM,I,01:34 PM,2:04,124,"['05:45 AM', '10:24 AM', '11:30 AM', '01:34 PM', '1Hrs 6Min', 3960]","['05:45 AM', '10:24 AM', '11:30 AM', '01:34 PM', '1Hrs 6Min', 3960]",,,,,,,,,,,,,,,,,,,,,,,,,,,,,,,,,,,,,,,,,,,,,,,,,,,,,RTE: 110 SCHD: 0:57,--> O: 05:45 AM > CG: 06:42 AM,RTE: 111 SCHD: 3:42,--> CG: 06:42 AM > L: 10:24 AM,RTE: 111 SCHD: 0:00,--> L: 11:30 AM > CG: 11:30 AM,RTE: 110 SCHD: 2:04,--> CG: 11:30 AM > I: 01:34 PM,,,,,,,,,,,,,,
Victory BusSunday202,Victory Bus,3-01-2026,Sunday,,,,202,2023-10-11 07:12 AM,,2023-10-11 2:34 PM,6.7,8.0,,110,4432,O,07:25 AM,L,11:22 AM,3:57,237,,110,4432,L,12:00 PM,CG,12:00 PM,0:00,0,,111,4432,CG,12:00 PM,I,02:32 PM,2:32,152,"['07:25 AM', '11:22 AM', '12:00 PM', '02:32 PM', '0Hrs 38Min', 2280]","['07:25 AM', '11:22 AM', '12:00 PM', '02:32 PM', '0Hrs 38Min', 2280]",,,,,,,,,,,,,,,,,,,,,,,,,,,,,,,,,,,,,,,,,,,,,,,,,,,,,,,,,,,,,,RTE: 110 SCHD: 3:57,--> O: 07:25 AM > L: 11:22 AM,RTE: 110 SCHD: 0:00,--> L: 12:00 PM > CG: 12:00 PM,RTE: 111 SCHD: 2:32,--> CG: 12:00 PM > I: 02:32 PM,,,,,,,,,,,,,,,,
Victory BusSunday203,Victory Bus,3-01-2026,Sunday,12:26 PM,0Hrs 0Min,0,203,2023-10-11 10:12 AM,,2023-10-11 9:02 PM,10.2,10.2,,110,4433,O,10:25 AM,R,12:26 PM,2:01,121,,120,4216,R,01:27 PM,CG,04:55 PM,3:28,208,,126,4216,CG,04:55 PM,CG,07:35 PM,2:40,160,,120,4216,CG,07:35 PM,I,09:00 PM,1:25,85,"['10:25 AM', '12:26 PM', '01:27 PM', '09:00 PM', '1Hrs 1Min', 3660]","['10:25 AM', '12:26 PM', '01:27 PM', '09:00 PM', '1Hrs 1Min', 3660]",,,,,,,,,,,,,,,,,,,,,,,,,,,,,,,,,,,,,,,,,,,,,,,,,,,,,RTE: 110 SCHD: 2:01,--> O: 10:25 AM > R: 12:26 PM,RTE: 120 SCHD: 3:28,--> R: 01:27 PM > CG: 04:55 PM,RTE: 126 SCHD: 2:40,--> CG: 04:55 PM > CG: 07:35 PM,RTE: 120 SCHD: 1:25,--> CG: 07:35 PM > I: 09:00 PM,,,,,,,,,,,,,,
Victory BusSunday204,Victory Bus,3-01-2026,Sunday,,,,204,2023-10-11 01:11 PM,,2023-10-11 10:18 PM,8.6,8.6,1:14,110,4433,R,01:22 PM,L,03:32 PM,2:10,130,,110,4433,L,04:30 PM,CG,09:07 PM,4:37,277,,125,4433,CG,09:07 PM,I,10:16 PM,1:09,69,"['01:22 PM', '03:32 PM', '04:30 PM', '10:16 PM', '0Hrs 58Min', 3480]","['01:22 PM', '03:32 PM', '04:30 PM', '10:16 PM', '0Hrs 58Min', 3480]",,,,,,,,,,,,,,,,,,,,,,,,,,,,,,,,,,,,,,,,,,,,,,,,,,,,,,,,,,,,,,RTE: 110 SCHD: 2:10,--> R: 01:22 PM > L: 03:32 PM,RTE: 110 SCHD: 4:37,--> L: 04:30 PM > CG: 09:07 PM,RTE: 125 SCHD: 1:09,--> CG: 09:07 PM > I: 10:16 PM,,,,,,,,,,,,,,,,
Victory BusSunday205,Victory Bus,3-01-2026,Sunday,,,,205,2023-10-11 03:12 PM,,2023-10-11 11:59 PM,8.1,8.1,,110,4434,O,03:25 PM,L,05:27 PM,2:02,122,,110,4434,L,06:00 PM,CG,06:00 PM,0:00,0,,111,4434,CG,06:00 PM,CG,09:15 PM,3:15,195,,123,4434,CG,09:15 PM,CG,10:10 PM,0:55,55,,110,4434,CG,10:10 PM,I,11:57 PM,1:47,107,"['03:25 PM', '05:27 PM', '06:00 PM', '11:57 PM', '0Hrs 33Min', 1980]","['03:25 PM', '05:27 PM', '06:00 PM', '11:57 PM', '0Hrs 33Min', 1980]",,,,,,,,,,,,,,,,,,,,,,,,,,,,,,,,,,,,,,,,,,,,RTE: 110 SCHD: 2:02,--> O: 03:25 PM > L: 05:27 PM,RTE: 110 SCHD: 0:00,--> L: 06:00 PM > CG: 06:00 PM,RTE: 111 SCHD: 3:15,--> CG: 06:00 PM > CG: 09:15 PM,RTE: 123 SCHD: 0:55,--> CG: 09:15 PM > CG: 10:10 PM,RTE: 110 SCHD: 1:47,--> CG: 10:10 PM > I: 11:57 PM,,,,,,,,,,,,
Victory BusSunday226,Victory Bus,3-01-2026,Sunday,,,,226,2023-10-11 05:42 AM,,2023-10-11 4:25 PM,10.1,10.1,,111,4451,O,05:55 AM,CG,08:35 AM,2:40,160,,109,4451,CG,08:35 AM,L,10:10 AM,1:35,95,,109,4451,L,10:35 AM,I,04:23 PM,5:48,348,"['05:55 AM', '10:10 AM', '10:35 AM', '04:23 PM', '0Hrs 25Min', 1500]","['05:55 AM', '10:10 AM', '10:35 AM', '04:23 PM', '0Hrs 25Min', 1500]",,,,,,,,,,,,,,,,,,,,,,,,,,,,,,,,,,,,,,,,,,,,,,,,,,,,,,,,,,,,,,RTE: 111 SCHD: 2:40,--> O: 05:55 AM > CG: 08:35 AM,RTE: 109 SCHD: 1:35,--> CG: 08:35 AM > L: 10:10 AM,RTE: 109 SCHD: 5:48,--> L: 10:35 AM > I: 04:23 PM,,,,,,,,,,,,,,,,
Victory BusSunday227,Victory Bus,3-01-2026,Sunday,,,,227,2023-10-11 06:17 AM,,2023-10-11 2:41 PM,7.8,8.0,,111,4452,O,06:30 AM,CG,07:16 AM,0:46,46,,114,4452,CG,07:16 AM,L,08:17 AM,1:01,61,,114,4452,L,08:45 AM,I,02:39 PM,5:54,354,"['06:30 AM', '08:17 AM', '08:45 AM', '02:39 PM', '0Hrs 28Min', 1680]","['06:30 AM', '08:17 AM', '08:45 AM', '02:39 PM', '0Hrs 28Min', 1680]",,,,,,,,,,,,,,,,,,,,,,,,,,,,,,,,,,,,,,,,,,,,,,,,,,,,,,,,,,,,,,RTE: 111 SCHD: 0:46,--> O: 06:30 AM > CG: 07:16 AM,RTE: 114 SCHD: 1:01,--> CG: 07:16 AM > L: 08:17 AM,RTE: 114 SCHD: 5:54,--> L: 08:45 AM > I: 02:39 PM,,,,,,,,,,,,,,,,
Victory BusSunday228,Victory Bus,3-01-2026,Sunday,,,,228,2023-10-11 06:42 AM,,2023-10-11 4:48 PM,9.4,9.4,,111,4453,O,06:55 AM,L,09:22 AM,2:27,147,,111,4453,L,10:00 AM,CG,03:55 PM,5:55,355,,126,4453,CG,03:55 PM,I,04:46 PM,0:51,51,"['06:55 AM', '09:22 AM', '10:00 AM', '04:46 PM', '0Hrs 38Min', 2280]","['06:55 AM', '09:22 AM', '10:00 AM', '04:46 PM', '0Hrs 38Min', 2280]",,,,,,,,,,,,,,,,,,,,,,,,,,,,,,,,,,,,,,,,,,,,,,,,,,,,,,,,,,,,,,RTE: 111 SCHD: 2:27,--> O: 06:55 AM > L: 09:22 AM,RTE: 111 SCHD: 5:55,--> L: 10:00 AM > CG: 03:55 PM,RTE: 126 SCHD: 0:51,--> CG: 03:55 PM > I: 04:46 PM,,,,,,,,,,,,,,,,
Victory BusSunday276,Victory Bus,3-01-2026,Sunday,,,,276,2023-10-11 01:05 AM,,2023-10-11 10:50 AM,9.1,9.1,,113,4501,O,01:18 AM,L,03:34 AM,2:16,136,,113,4501,L,04:10 AM,I,10:48 AM,6:38,398,"['01:18 AM', '03:34 AM', '04:10 AM', '10:48 AM', '0Hrs 36Min', 2160]","['01:18 AM', '03:34 AM', '04:10 AM', '10:48 AM', '0Hrs 36Min', 2160]",,,,,,,,,,,,,,,,,,,,,,,,,,,,,,,,,,,,,,,,,,,,,,,,,,,,,,,,,,,,,,,,,,,,,,,RTE: 113 SCHD: 2:16,--> O: 01:18 AM > L: 03:34 AM,RTE: 113 SCHD: 6:38,--> L: 04:10 AM > I: 10:48 AM,,,,,,,,,,,,,,,,,,
Victory BusSunday277,Victory Bus,3-01-2026,Sunday,,,,277,2023-10-11 02:50 AM,,2023-10-11 12:21 PM,8.8,8.8,,113,4502,O,03:03 AM,L,05:31 AM,2:28,148,,113,4502,L,06:10 AM,I,12:19 PM,6:09,369,"['03:03 AM', '05:31 AM', '06:10 AM', '12:19 PM', '0Hrs 39Min', 2340]","['03:03 AM', '05:31 AM', '06:10 AM', '12:19 PM', '0Hrs 39Min', 2340]",,,,,,,,,,,,,,,,,,,,,,,,,,,,,,,,,,,,,,,,,,,,,,,,,,,,,,,,,,,,,,,,,,,,,,,RTE: 113 SCHD: 2:28,--> O: 03:03 AM > L: 05:31 AM,RTE: 113 SCHD: 6:09,--> L: 06:10 AM > I: 12:19 PM,,,,,,,,,,,,,,,,,,
Victory BusSunday278,Victory Bus,3-01-2026,Sunday,,,,278,2023-10-11 04:20 AM,,2023-10-11 2:03 PM,9.0,9.0,,113,4503,O,04:33 AM,CG,06:26 AM,1:53,113,,117,4503,CG,06:26 AM,L,07:21 AM,0:55,55,,117,4503,L,08:15 AM,I,02:01 PM,5:46,346,"['04:33 AM', '07:21 AM', '08:15 AM', '02:01 PM', '0Hrs 54Min', 3240]","['04:33 AM', '07:21 AM', '08:15 AM', '02:01 PM', '0Hrs 54Min', 3240]",,,,,,,,,,,,,,,,,,,,,,,,,,,,,,,,,,,,,,,,,,,,,,,,,,,,,,,,,,,,,,RTE: 113 SCHD: 1:53,--> O: 04:33 AM > CG: 06:26 AM,RTE: 117 SCHD: 0:55,--> CG: 06:26 AM > L: 07:21 AM,RTE: 117 SCHD: 5:46,--> L: 08:15 AM > I: 02:01 PM,,,,,,,,,,,,,,,,
Victory BusSunday279,Victory Bus,3-01-2026,Sunday,,,,279,2023-10-11 04:50 AM,,2023-10-11 1:52 PM,8.4,8.4,,113,4504,O,05:03 AM,L,09:19 AM,4:16,256,,113,4504,L,09:59 AM,I,01:50 PM,3:51,231,"['05:03 AM', '09:19 AM', '09:59 AM', '01:50 PM', '0Hrs 40Min', 2400]","['05:03 AM', '09:19 AM', '09:59 AM', '01:50 PM', '0Hrs 40Min', 2400]",,,,,,,,,,,,,,,,,,,,,,,,,,,,,,,,,,,,,,,,,,,,,,,,,,,,,,,,,,,,,,,,,,,,,,,RTE: 113 SCHD: 4:16,--> O: 05:03 AM > L: 09:19 AM,RTE: 113 SCHD: 3:51,--> L: 09:59 AM > I: 01:50 PM,,,,,,,,,,,,,,,,,,
Victory BusSunday280,Victory Bus,3-01-2026,Sunday,,,,280,2023-10-11 05:10 AM,,2023-10-11 4:11 PM,10.5,10.5,,113,4505,O,05:23 AM,CG,06:15 AM,0:52,52,,108,4505,CG,06:15 AM,L,07:55 AM,1:40,100,,108,4505,L,08:15 AM,I,04:09 PM,7:54,474,"['05:23 AM', '07:55 AM', '08:15 AM', '04:09 PM', '0Hrs 20Min', 1200]","['05:23 AM', '07:55 AM', '08:15 AM', '04:09 PM', '0Hrs 20Min', 1200]",,,,,,,,,,,,,,,,,,,,,,,,,,,,,,,,,,,,,,,,,,,,,,,,,,,,,,,,,,,,,,RTE: 113 SCHD: 0:52,--> O: 05:23 AM > CG: 06:15 AM,RTE: 108 SCHD: 1:40,--> CG: 06:15 AM > L: 07:55 AM,RTE: 108 SCHD: 7:54,--> L: 08:15 AM > I: 04:09 PM,,,,,,,,,,,,,,,,
Victory BusSunday281,Victory Bus,3-01-2026,Sunday,,,,281,2023-10-11 05:44 AM,,2023-10-11 3:55 PM,9.5,9.5,,113,4506,O,05:57 AM,L,11:23 AM,5:26,326,,113,4506,L,11:57 AM,I,03:53 PM,3:56,236,"['05:57 AM', '11:23 AM', '11:57 AM', '03:53 PM', '0Hrs 34Min', 2040]","['05:57 AM', '11:23 AM', '11:57 AM', '03:53 PM', '0Hrs 34Min', 2040]",,,,,,,,,,,,,,,,,,,,,,,,,,,,,,,,,,,,,,,,,,,,,,,,,,,,,,,,,,,,,,,,,,,,,,,RTE: 113 SCHD: 5:26,--> O: 05:57 AM > L: 11:23 AM,RTE: 113 SCHD: 3:56,--> L: 11:57 AM > I: 03:53 PM,,,,,,,,,,,,,,,,,,
Victory BusSunday282,Victory Bus,3-01-2026,Sunday,,,,282,2023-10-11 06:50 AM,,2023-10-11 4:25 PM,9.0,9.0,,113,4507,O,07:03 AM,L,10:13 AM,3:10,190,,113,4507,L,10:40 AM,I,04:23 PM,5:43,343,"['07:03 AM', '10:13 AM', '10:40 AM', '04:23 PM', '0Hrs 27Min', 1620]","['07:03 AM', '10:13 AM', '10:40 AM', '04:23 PM', '0Hrs 27Min', 1620]",,,,,,,,,,,,,,,,,,,,,,,,,,,,,,,,,,,,,,,,,,,,,,,,,,,,,,,,,,,,,,,,,,,,,,,RTE: 113 SCHD: 3:10,--> O: 07:03 AM > L: 10:13 AM,RTE: 113 SCHD: 5:43,--> L: 10:40 AM > I: 04:23 PM,,,,,,,,,,,,,,,,,,
Victory BusSunday283,Victory Bus,3-01-2026,Sunday,02:18 PM,0Hrs 0Min,0,283,2023-10-11 10:48 AM,,2023-10-11 7:30 PM,8.0,8.0,,113,4508,O,11:01 AM,R,02:18 PM,3:17,197,,104,4218,R,02:57 PM,CG,06:20 PM,3:23,203,,125,4218,CG,06:20 PM,I,07:28 PM,1:08,68,"['11:01 AM', '02:18 PM', '02:57 PM', '07:28 PM', '0Hrs 39Min', 2340]","['11:01 AM', '02:18 PM', '02:57 PM', '07:28 PM', '0Hrs 39Min', 2340]",,,,,,,,,,,,,,,,,,,,,,,,,,,,,,,,,,,,,,,,,,,,,,,,,,,,,,,,,,,,,,RTE: 113 SCHD: 3:17,--> O: 11:01 AM > R: 02:18 PM,RTE: 104 SCHD: 3:23,--> R: 02:57 PM > CG: 06:20 PM,RTE: 125 SCHD: 1:08,--> CG: 06:20 PM > I: 07:28 PM,,,,,,,,,,,,,,,,
Victory BusSunday284,Victory Bus,3-01-2026,Sunday,,,,284,2023-10-11 12:18 PM,,2023-10-11 11:35 PM,10.6,10.6,,113,4509,O,12:31 PM,L,03:02 PM,2:31,151,,113,4509,L,04:00 PM,CG,04:00 PM,0:00,0,,103,4509,CG,04:00 PM,CG,04:30 PM,0:30,30,,105,4509,CG,04:30 PM,CG,06:00 PM,1:30,90,,103,4509,CG,06:00 PM,CG,06:30 PM,0:30,30,,105,4509,CG,06:30 PM,CG,08:00 PM,1:30,90,,103,4509,CG,08:00 PM,CG,08:30 PM,0:30,30,,105,4509,CG,08:30 PM,CG,10:05 PM,1:35,95,,103,4509,CG,10:05 PM,CG,10:50 PM,0:45,45,,104,4509,CG,10:50 PM,I,11:33 PM,0:43,43,"['12:31 PM', '03:02 PM', '04:00 PM', '11:33 PM', '0Hrs 58Min', 3480]","['12:31 PM', '03:02 PM', '04:00 PM', '11:33 PM', '0Hrs 58Min', 3480]",RTE: 113 SCHD: 2:31,--> O: 12:31 PM > L: 03:02 PM,RTE: 113 SCHD: 0:00,--> L: 04:00 PM > CG: 04:00 PM,RTE: 103 SCHD: 0:30,--> CG: 04:00 PM > CG: 04:30 PM,RTE: 105 SCHD: 1:30,--> CG: 04:30 PM > CG: 06:00 PM,RTE: 103 SCHD: 0:30,--> CG: 06:00 PM > CG: 06:30 PM,RTE: 105 SCHD: 1:30,--> CG: 06:30 PM > CG: 08:00 PM,RTE: 103 SCHD: 0:30,--> CG: 08:00 PM > CG: 08:30 PM,RTE: 105 SCHD: 1:35,--> CG: 08:30 PM > CG: 10:05 PM,RTE: 103 SCHD: 0:45,--> CG: 10:05 PM > CG: 10:50 PM,RTE: 104 SCHD: 0:43,--> CG: 10:50 PM > I: 11:33 PM
Victory BusSunday285,Victory Bus,3-01-2026,Sunday,,,,285,2023-10-11 02:17 PM,,2023-10-12 1:25 AM,10.6,10.6,2:20,113,4508,R,02:32 PM,L,06:28 PM,3:56,236,,113,4508,L,07:02 PM,I,01:23 AM,6:21,381,"['02:32 PM', '06:28 PM', '07:02 PM', '01:23 AM', '0Hrs 34Min', 2040]","['02:32 PM', '06:28 PM', '07:02 PM', '01:23 AM', '0Hrs 34Min', 2040]",,,,,,,,,,,,,,,,,,,,,,,,,,,,,,,,,,,,,,,,,,,,,,,,,,,,,,,,,,,,,,,,,,,,,,,RTE: 113 SCHD: 3:56,--> R: 02:32 PM > L: 06:28 PM,RTE: 113 SCHD: 6:21,--> L: 07:02 PM > I: 01:23 AM,,,,,,,,,,,,,,,,,,
Victory BusSunday286,Victory Bus,3-01-2026,Sunday,,,,286,2023-10-11 02:48 PM,,2023-10-12 12:12 AM,8.7,8.7,,113,4510,O,03:01 PM,L,08:41 PM,5:40,340,,113,4510,L,09:10 PM,I,12:10 AM,3:00,180,"['03:01 PM', '08:41 PM', '09:10 PM', '12:10 AM', '0Hrs 29Min', 1740]","['03:01 PM', '08:41 PM', '09:10 PM', '12:10 AM', '0Hrs 29Min', 1740]",,,,,,,,,,,,,,,,,,,,,,,,,,,,,,,,,,,,,,,,,,,,,,,,,,,,,,,,,,,,,,,,,,,,,,,RTE: 113 SCHD: 5:40,--> O: 03:01 PM > L: 08:41 PM,RTE: 113 SCHD: 3:00,--> L: 09:10 PM > I: 12:10 AM,,,,,,,,,,,,,,,,,,
Victory BusSunday287,Victory Bus,3-01-2026,Sunday,,,,287,2023-10-11 03:48 PM,,2023-10-12 12:56 AM,8.5,8.5,,113,4511,O,04:01 PM,L,08:27 PM,4:26,266,,113,4511,L,08:56 PM,I,12:54 AM,3:58,238,"['04:01 PM', '08:27 PM', '08:56 PM', '12:54 AM', '0Hrs 29Min', 1740]","['04:01 PM', '08:27 PM', '08:56 PM', '12:54 AM', '0Hrs 29Min', 1740]",,,,,,,,,,,,,,,,,,,,,,,,,,,,,,,,,,,,,,,,,,,,,,,,,,,,,,,,,,,,,,,,,,,,,,,RTE: 113 SCHD: 4:26,--> O: 04:01 PM > L: 08:27 PM,RTE: 113 SCHD: 3:58,--> L: 08:56 PM > I: 12:54 AM,,,,,,,,,,,,,,,,,,
Victory BusSunday288,Victory Bus,3-01-2026,Sunday,,,,288,2023-10-11 04:18 PM,,2023-10-12 12:41 AM,7.7,8.0,,113,4512,O,04:31 PM,L,08:20 PM,3:49,229,,113,4512,L,09:05 PM,I,12:39 AM,3:34,214,"['04:31 PM', '08:20 PM', '09:05 PM', '12:39 AM', '0Hrs 45Min', 2700]","['04:31 PM', '08:20 PM', '09:05 PM', '12:39 AM', '0Hrs 45Min', 2700]",,,,,,,,,,,,,,,,,,,,,,,,,,,,,,,,,,,,,,,,,,,,,,,,,,,,,,,,,,,,,,,,,,,,,,,RTE: 113 SCHD: 3:49,--> O: 04:31 PM > L: 08:20 PM,RTE: 113 SCHD: 3:34,--> L: 09:05 PM > I: 12:39 AM,,,,,,,,,,,,,,,,,,
Victory BusSunday289,Victory Bus,3-01-2026,Sunday,,,,289,2023-10-11 05:18 PM,,2023-10-12 1:55 AM,7.9,8.0,,113,4513,O,05:31 PM,L,09:19 PM,3:48,228,,113,4513,L,10:06 PM,I,01:53 AM,3:47,227,"['05:31 PM', '09:19 PM', '10:06 PM', '01:53 AM', '0Hrs 47Min', 2820]","['05:31 PM', '09:19 PM', '10:06 PM', '01:53 AM', '0Hrs 47Min', 2820]",,,,,,,,,,,,,,,,,,,,,,,,,,,,,,,,,,,,,,,,,,,,,,,,,,,,,,,,,,,,,,,,,,,,,,,RTE: 113 SCHD: 3:48,--> O: 05:31 PM > L: 09:19 PM,RTE: 113 SCHD: 3:47,--> L: 10:06 PM > I: 01:53 AM,,,,,,,,,,,,,,,,,,
Victory BusSunday290,Victory Bus,3-01-2026,Sunday,,,,290,2023-10-11 05:48 PM,,2023-10-12 2:40 AM,8.2,8.2,,113,4514,O,06:01 PM,L,11:40 PM,5:39,339,,113,4514,L,12:20 AM,I,02:38 AM,2:18,138,"['06:01 PM', '11:40 PM', '12:20 AM', '02:38 AM', '23Hrs 20Min', 84000]","['06:01 PM', '11:40 PM', '12:20 AM', '02:38 AM', '23Hrs 20Min', 84000]",,,,,,,,,,,,,,,,,,,,,,,,,,,,,,,,,,,,,,,,,,,,,,,,,,,,,,,,,,,,,,,,,,,,,,,RTE: 113 SCHD: 5:39,--> O: 06:01 PM > L: 11:40 PM,RTE: 113 SCHD: 2:18,--> L: 12:20 AM > I: 02:38 AM,,,,,,,,,,,,,,,,,,
Victory BusSunday306,Victory Bus,3-01-2026,Sunday,,,,306,2023-10-11 05:52 AM,,2023-10-11 4:33 PM,10.0,10.0,,114,4545,O,06:05 AM,L,10:17 AM,4:12,252,,114,4545,L,10:45 AM,CG,02:00 PM,3:15,195,,111,4545,CG,02:00 PM,I,04:31 PM,2:31,151,"['06:05 AM', '10:17 AM', '10:45 AM', '04:31 PM', '0Hrs 28Min', 1680]","['06:05 AM', '10:17 AM', '10:45 AM', '04:31 PM', '0Hrs 28Min', 1680]",,,,,,,,,,,,,,,,,,,,,,,,,,,,,,,,,,,,,,,,,,,,,,,,,,,,,,,,,,,,,,RTE: 114 SCHD: 4:12,--> O: 06:05 AM > L: 10:17 AM,RTE: 114 SCHD: 3:15,--> L: 10:45 AM > CG: 02:00 PM,RTE: 111 SCHD: 2:31,--> CG: 02:00 PM > I: 04:31 PM,,,,,,,,,,,,,,,,
Victory BusSunday307,Victory Bus,3-01-2026,Sunday,,,,307,2023-10-11 06:23 AM,,2023-10-11 5:30 PM,10.4,10.4,,114,4546,O,06:36 AM,CG,08:40 AM,2:04,124,,113,4546,CG,08:40 AM,L,11:59 AM,3:19,199,,113,4546,L,12:30 PM,CG,12:30 PM,0:00,0,,110,4546,CG,12:30 PM,CG,03:00 PM,2:30,150,,111,4546,CG,03:00 PM,I,05:28 PM,2:28,148,"['06:36 AM', '11:59 AM', '12:30 PM', '05:28 PM', '0Hrs 31Min', 1860]","['06:36 AM', '11:59 AM', '12:30 PM', '05:28 PM', '0Hrs 31Min', 1860]",,,,,,,,,,,,,,,,,,,,,,,,,,,,,,,,,,,,,,,,,,,,RTE: 114 SCHD: 2:04,--> O: 06:36 AM > CG: 08:40 AM,RTE: 113 SCHD: 3:19,--> CG: 08:40 AM > L: 11:59 AM,RTE: 113 SCHD: 0:00,--> L: 12:30 PM > CG: 12:30 PM,RTE: 110 SCHD: 2:30,--> CG: 12:30 PM > CG: 03:00 PM,RTE: 111 SCHD: 2:28,--> CG: 03:00 PM > I: 05:28 PM,,,,,,,,,,,,
Victory BusSunday308,Victory Bus,3-01-2026,Sunday,,,,308,2023-10-11 07:28 AM,,2023-10-11 6:26 PM,10.3,10.3,,114,4547,O,07:41 AM,CG,09:55 AM,2:14,134,,123,4547,CG,09:55 AM,L,11:03 AM,1:08,68,,123,4547,L,12:10 PM,CG,12:10 PM,0:00,0,,113,4547,CG,12:10 PM,CG,04:00 PM,3:50,230,,111,4547,CG,04:00 PM,I,06:24 PM,2:24,144,"['07:41 AM', '11:03 AM', '12:10 PM', '06:24 PM', '1Hrs 7Min', 4020]","['07:41 AM', '11:03 AM', '12:10 PM', '06:24 PM', '1Hrs 7Min', 4020]",,,,,,,,,,,,,,,,,,,,,,,,,,,,,,,,,,,,,,,,,,,,RTE: 114 SCHD: 2:14,--> O: 07:41 AM > CG: 09:55 AM,RTE: 123 SCHD: 1:08,--> CG: 09:55 AM > L: 11:03 AM,RTE: 123 SCHD: 0:00,--> L: 12:10 PM > CG: 12:10 PM,RTE: 113 SCHD: 3:50,--> CG: 12:10 PM > CG: 04:00 PM,RTE: 111 SCHD: 2:24,--> CG: 04:00 PM > I: 06:24 PM,,,,,,,,,,,,
Victory BusSunday309,Victory Bus,3-01-2026,Sunday,,,,309,2023-10-11 09:15 AM,,2023-10-11 7:47 PM,9.9,9.9,,114,4548,O,09:28 AM,L,03:19 PM,5:51,351,,114,4548,L,03:45 PM,I,07:45 PM,4:00,240,"['09:28 AM', '03:19 PM', '03:45 PM', '07:45 PM', '0Hrs 26Min', 1560]","['09:28 AM', '03:19 PM', '03:45 PM', '07:45 PM', '0Hrs 26Min', 1560]",,,,,,,,,,,,,,,,,,,,,,,,,,,,,,,,,,,,,,,,,,,,,,,,,,,,,,,,,,,,,,,,,,,,,,,RTE: 114 SCHD: 5:51,--> O: 09:28 AM > L: 03:19 PM,RTE: 114 SCHD: 4:00,--> L: 03:45 PM > I: 07:45 PM,,,,,,,,,,,,,,,,,,
Victory BusSunday310,Victory Bus,3-01-2026,Sunday,,,,310,2023-10-11 01:07 PM,,2023-10-11 11:02 PM,9.3,9.3,,114,4549,O,01:20 PM,L,04:20 PM,3:00,180,,114,4549,L,04:45 PM,I,11:00 PM,6:15,375,"['01:20 PM', '04:20 PM', '04:45 PM', '11:00 PM', '0Hrs 25Min', 1500]","['01:20 PM', '04:20 PM', '04:45 PM', '11:00 PM', '0Hrs 25Min', 1500]",,,,,,,,,,,,,,,,,,,,,,,,,,,,,,,,,,,,,,,,,,,,,,,,,,,,,,,,,,,,,,,,,,,,,,,RTE: 114 SCHD: 3:00,--> O: 01:20 PM > L: 04:20 PM,RTE: 114 SCHD: 6:15,--> L: 04:45 PM > I: 11:00 PM,,,,,,,,,,,,,,,,,,
Victory BusSunday326,Victory Bus,3-01-2026,Sunday,,,,326,2023-10-11 05:05 AM,,2023-10-11 2:17 PM,8.5,8.5,,115,4565,O,05:18 AM,L,07:52 AM,2:34,154,,115,4565,L,08:40 AM,I,02:15 PM,5:35,335,"['05:18 AM', '07:52 AM', '08:40 AM', '02:15 PM', '0Hrs 48Min', 2880]","['05:18 AM', '07:52 AM', '08:40 AM', '02:15 PM', '0Hrs 48Min', 2880]",,,,,,,,,,,,,,,,,,,,,,,,,,,,,,,,,,,,,,,,,,,,,,,,,,,,,,,,,,,,,,,,,,,,,,,RTE: 115 SCHD: 2:34,--> O: 05:18 AM > L: 07:52 AM,RTE: 115 SCHD: 5:35,--> L: 08:40 AM > I: 02:15 PM,,,,,,,,,,,,,,,,,,
Victory BusSunday327,Victory Bus,3-01-2026,Sunday,,,,327,2023-10-11 07:10 AM,,2023-10-11 5:17 PM,9.4,9.4,,115,4566,O,07:23 AM,L,10:55 AM,3:32,212,,115,4566,L,11:40 AM,I,05:15 PM,5:35,335,"['07:23 AM', '10:55 AM', '11:40 AM', '05:15 PM', '0Hrs 45Min', 2700]","['07:23 AM', '10:55 AM', '11:40 AM', '05:15 PM', '0Hrs 45Min', 2700]",,,,,,,,,,,,,,,,,,,,,,,,,,,,,,,,,,,,,,,,,,,,,,,,,,,,,,,,,,,,,,,,,,,,,,,RTE: 115 SCHD: 3:32,--> O: 07:23 AM > L: 10:55 AM,RTE: 115 SCHD: 5:35,--> L: 11:40 AM > I: 05:15 PM,,,,,,,,,,,,,,,,,,
Victory BusSunday328,Victory Bus,3-01-2026,Sunday,,,,328,2023-10-11 02:02 PM,,2023-10-12 12:02 AM,9.3,9.3,,115,4567,O,02:15 PM,L,07:52 PM,5:37,337,,115,4567,L,08:40 PM,I,12:00 AM,3:20,200,"['02:15 PM', '07:52 PM', '08:40 PM', '12:00 AM', '0Hrs 48Min', 2880]","['02:15 PM', '07:52 PM', '08:40 PM', '12:00 AM', '0Hrs 48Min', 2880]",,,,,,,,,,,,,,,,,,,,,,,,,,,,,,,,,,,,,,,,,,,,,,,,,,,,,,,,,,,,,,,,,,,,,,,RTE: 115 SCHD: 5:37,--> O: 02:15 PM > L: 07:52 PM,RTE: 115 SCHD: 3:20,--> L: 08:40 PM > I: 12:00 AM,,,,,,,,,,,,,,,,,,
Victory BusSunday329,Victory Bus,3-01-2026,Sunday,,,,329,2023-10-11 05:02 PM,,2023-10-12 1:49 AM,8.1,8.1,,115,4568,O,05:15 PM,L,10:44 PM,5:29,329,,115,4568,L,11:40 PM,I,01:47 AM,2:07,127,"['05:15 PM', '10:44 PM', '11:40 PM', '01:47 AM', '0Hrs 56Min', 3360]","['05:15 PM', '10:44 PM', '11:40 PM', '01:47 AM', '0Hrs 56Min', 3360]",,,,,,,,,,,,,,,,,,,,,,,,,,,,,,,,,,,,,,,,,,,,,,,,,,,,,,,,,,,,,,,,,,,,,,,RTE: 115 SCHD: 5:29,--> O: 05:15 PM > L: 10:44 PM,RTE: 115 SCHD: 2:07,--> L: 11:40 PM > I: 01:47 AM,,,,,,,,,,,,,,,,,,
Victory BusSunday376,Victory Bus,3-01-2026,Sunday,,,,376,2023-10-11 04:45 AM,,2023-10-11 2:58 PM,9.5,9.5,,117,4601,O,04:58 AM,L,09:26 AM,4:28,268,,117,4601,L,10:13 AM,I,02:56 PM,4:43,283,"['04:58 AM', '09:26 AM', '10:13 AM', '02:56 PM', '0Hrs 47Min', 2820]","['04:58 AM', '09:26 AM', '10:13 AM', '02:56 PM', '0Hrs 47Min', 2820]",,,,,,,,,,,,,,,,,,,,,,,,,,,,,,,,,,,,,,,,,,,,,,,,,,,,,,,,,,,,,,,,,,,,,,,RTE: 117 SCHD: 4:28,--> O: 04:58 AM > L: 09:26 AM,RTE: 117 SCHD: 4:43,--> L: 10:13 AM > I: 02:56 PM,,,,,,,,,,,,,,,,,,
Victory BusSunday377,Victory Bus,3-01-2026,Sunday,,,,377,2023-10-11 06:41 AM,,2023-10-11 5:22 PM,10.0,10.0,,117,4602,O,06:54 AM,L,11:29 AM,4:35,275,,117,4602,L,12:11 PM,CG,02:10 PM,1:59,119,,113,4602,CG,02:10 PM,I,05:20 PM,3:10,190,"['06:54 AM', '11:29 AM', '12:11 PM', '05:20 PM', '0Hrs 42Min', 2520]","['06:54 AM', '11:29 AM', '12:11 PM', '05:20 PM', '0Hrs 42Min', 2520]",,,,,,,,,,,,,,,,,,,,,,,,,,,,,,,,,,,,,,,,,,,,,,,,,,,,,,,,,,,,,,RTE: 117 SCHD: 4:35,--> O: 06:54 AM > L: 11:29 AM,RTE: 117 SCHD: 1:59,--> L: 12:11 PM > CG: 02:10 PM,RTE: 113 SCHD: 3:10,--> CG: 02:10 PM > I: 05:20 PM,,,,,,,,,,,,,,,,
Victory BusSunday378,Victory Bus,3-01-2026,Sunday,,,,378,2023-10-11 12:28 PM,,2023-10-11 10:35 PM,9.4,9.4,,117,4603,O,12:41 PM,L,05:26 PM,4:45,285,,117,4603,L,06:13 PM,I,10:33 PM,4:20,260,"['12:41 PM', '05:26 PM', '06:13 PM', '10:33 PM', '0Hrs 47Min', 2820]","['12:41 PM', '05:26 PM', '06:13 PM', '10:33 PM', '0Hrs 47Min', 2820]",,,,,,,,,,,,,,,,,,,,,,,,,,,,,,,,,,,,,,,,,,,,,,,,,,,,,,,,,,,,,,,,,,,,,,,RTE: 117 SCHD: 4:45,--> O: 12:41 PM > L: 05:26 PM,RTE: 117 SCHD: 4:20,--> L: 06:13 PM > I: 10:33 PM,,,,,,,,,,,,,,,,,,
Victory BusSunday379,Victory Bus,3-01-2026,Sunday,,,,379,2023-10-11 01:22 PM,,2023-10-12 12:31 AM,10.5,10.5,,117,4604,O,01:35 PM,L,07:23 PM,5:48,348,,117,4604,L,08:10 PM,I,12:29 AM,4:19,259,"['01:35 PM', '07:23 PM', '08:10 PM', '12:29 AM', '0Hrs 47Min', 2820]","['01:35 PM', '07:23 PM', '08:10 PM', '12:29 AM', '0Hrs 47Min', 2820]",,,,,,,,,,,,,,,,,,,,,,,,,,,,,,,,,,,,,,,,,,,,,,,,,,,,,,,,,,,,,,,,,,,,,,,RTE: 117 SCHD: 5:48,--> O: 01:35 PM > L: 07:23 PM,RTE: 117 SCHD: 4:19,--> L: 08:10 PM > I: 12:29 AM,,,,,,,,,,,,,,,,,,
Victory BusSunday380,Victory Bus,3-01-2026,Sunday,,,,380,2023-10-11 01:28 PM,,2023-10-11 11:35 PM,9.4,9.4,,117,4605,O,01:41 PM,L,06:26 PM,4:45,285,,117,4605,L,07:11 PM,I,11:33 PM,4:22,262,"['01:41 PM', '06:26 PM', '07:11 PM', '11:33 PM', '0Hrs 45Min', 2700]","['01:41 PM', '06:26 PM', '07:11 PM', '11:33 PM', '0Hrs 45Min', 2700]",,,,,,,,,,,,,,,,,,,,,,,,,,,,,,,,,,,,,,,,,,,,,,,,,,,,,,,,,,,,,,,,,,,,,,,RTE: 117 SCHD: 4:45,--> O: 01:41 PM > L: 06:26 PM,RTE: 117 SCHD: 4:22,--> L: 07:11 PM > I: 11:33 PM,,,,,,,,,,,,,,,,,,
Victory BusSunday426,Victory Bus,3-01-2026,Sunday,,,,426,2023-10-11 04:57 AM,,2023-10-11 1:38 PM,8.0,8.0,,119,4621,O,05:10 AM,L,07:56 AM,2:46,166,,119,4621,L,08:35 AM,I,01:36 PM,5:01,301,"['05:10 AM', '07:56 AM', '08:35 AM', '01:36 PM', '0Hrs 39Min', 2340]","['05:10 AM', '07:56 AM', '08:35 AM', '01:36 PM', '0Hrs 39Min', 2340]",,,,,,,,,,,,,,,,,,,,,,,,,,,,,,,,,,,,,,,,,,,,,,,,,,,,,,,,,,,,,,,,,,,,,,,RTE: 119 SCHD: 2:46,--> O: 05:10 AM > L: 07:56 AM,RTE: 119 SCHD: 5:01,--> L: 08:35 AM > I: 01:36 PM,,,,,,,,,,,,,,,,,,
Victory BusSunday427,Victory Bus,3-01-2026,Sunday,,,,427,2023-10-11 06:12 AM,,2023-10-11 2:55 PM,8.0,8.0,,119,4622,O,06:25 AM,L,11:40 AM,5:15,315,,119,4622,L,12:15 PM,I,02:53 PM,2:38,158,"['06:25 AM', '11:40 AM', '12:15 PM', '02:53 PM', '0Hrs 35Min', 2100]","['06:25 AM', '11:40 AM', '12:15 PM', '02:53 PM', '0Hrs 35Min', 2100]",,,,,,,,,,,,,,,,,,,,,,,,,,,,,,,,,,,,,,,,,,,,,,,,,,,,,,,,,,,,,,,,,,,,,,,RTE: 119 SCHD: 5:15,--> O: 06:25 AM > L: 11:40 AM,RTE: 119 SCHD: 2:38,--> L: 12:15 PM > I: 02:53 PM,,,,,,,,,,,,,,,,,,
Victory BusSunday428,Victory Bus,3-01-2026,Sunday,,,,428,2023-10-11 12:32 PM,,2023-10-12 12:11 AM,11.0,11.0,,119,4623,O,12:45 PM,L,03:28 PM,2:43,163,,119,4623,L,04:00 PM,I,12:09 AM,8:09,489,"['12:45 PM', '03:28 PM', '04:00 PM', '12:09 AM', '0Hrs 32Min', 1920]","['12:45 PM', '03:28 PM', '04:00 PM', '12:09 AM', '0Hrs 32Min', 1920]",,,,,,,,,,,,,,,,,,,,,,,,,,,,,,,,,,,,,,,,,,,,,,,,,,,,,,,,,,,,,,,,,,,,,,,RTE: 119 SCHD: 2:43,--> O: 12:45 PM > L: 03:28 PM,RTE: 119 SCHD: 8:09,--> L: 04:00 PM > I: 12:09 AM,,,,,,,,,,,,,,,,,,
Victory BusSunday429,Victory Bus,3-01-2026,Sunday,,,,429,2023-10-11 01:47 PM,,2023-10-11 10:54 PM,8.4,8.4,,119,4624,O,02:00 PM,L,04:43 PM,2:43,163,,119,4624,L,05:15 PM,I,10:52 PM,5:37,337,"['02:00 PM', '04:43 PM', '05:15 PM', '10:52 PM', '0Hrs 32Min', 1920]","['02:00 PM', '04:43 PM', '05:15 PM', '10:52 PM', '0Hrs 32Min', 1920]",,,,,,,,,,,,,,,,,,,,,,,,,,,,,,,,,,,,,,,,,,,,,,,,,,,,,,,,,,,,,,,,,,,,,,,RTE: 119 SCHD: 2:43,--> O: 02:00 PM > L: 04:43 PM,RTE: 119 SCHD: 5:37,--> L: 05:15 PM > I: 10:52 PM,,,,,,,,,,,,,,,,,,
Victory BusSunday451,Victory Bus,3-01-2026,Sunday,,,,451,2023-10-11 11:17 AM,,2023-10-11 7:51 PM,7.9,8.0,,120,4651,O,11:30 AM,CG,02:35 PM,3:05,185,,104,4651,CG,02:35 PM,L,03:26 PM,0:51,51,,104,4651,L,04:33 PM,CG,05:35 PM,1:02,62,,120,4651,CG,05:35 PM,I,07:49 PM,2:14,134,"['11:30 AM', '03:26 PM', '04:33 PM', '07:49 PM', '1Hrs 7Min', 4020]","['11:30 AM', '03:26 PM', '04:33 PM', '07:49 PM', '1Hrs 7Min', 4020]",,,,,,,,,,,,,,,,,,,,,,,,,,,,,,,,,,,,,,,,,,,,,,,,,,,,,RTE: 120 SCHD: 3:05,--> O: 11:30 AM > CG: 02:35 PM,RTE: 104 SCHD: 0:51,--> CG: 02:35 PM > L: 03:26 PM,RTE: 104 SCHD: 1:02,--> L: 04:33 PM > CG: 05:35 PM,RTE: 120 SCHD: 2:14,--> CG: 05:35 PM > I: 07:49 PM,,,,,,,,,,,,,,
Victory BusSunday452,Victory Bus,3-01-2026,Sunday,,,,452,2023-10-11 03:17 PM,,2023-10-12 1:31 AM,9.6,9.6,,120,4652,O,03:30 PM,CG,06:29 PM,2:59,179,,104,4652,CG,06:29 PM,L,09:08 PM,2:39,159,,104,4652,L,09:40 PM,CG,09:40 PM,0:00,0,,120,4652,CG,09:40 PM,I,01:29 AM,3:49,229,"['03:30 PM', '09:08 PM', '09:40 PM', '01:29 AM', '0Hrs 32Min', 1920]","['03:30 PM', '09:08 PM', '09:40 PM', '01:29 AM', '0Hrs 32Min', 1920]",,,,,,,,,,,,,,,,,,,,,,,,,,,,,,,,,,,,,,,,,,,,,,,,,,,,,RTE: 120 SCHD: 2:59,--> O: 03:30 PM > CG: 06:29 PM,RTE: 104 SCHD: 2:39,--> CG: 06:29 PM > L: 09:08 PM,RTE: 104 SCHD: 0:00,--> L: 09:40 PM > CG: 09:40 PM,RTE: 120 SCHD: 3:49,--> CG: 09:40 PM > I: 01:29 AM,,,,,,,,,,,,,,
Victory BusSunday501,Victory Bus,3-01-2026,Sunday,,,,501,2023-10-11 07:39 AM,,2023-10-11 6:48 PM,10.5,10.5,,123,4685,O,07:52 AM,L,10:51 AM,2:59,179,,123,4685,L,11:25 AM,I,06:46 PM,7:21,441,"['07:52 AM', '10:51 AM', '11:25 AM', '06:46 PM', '0Hrs 34Min', 2040]","['07:52 AM', '10:51 AM', '11:25 AM', '06:46 PM', '0Hrs 34Min', 2040]",,,,,,,,,,,,,,,,,,,,,,,,,,,,,,,,,,,,,,,,,,,,,,,,,,,,,,,,,,,,,,,,,,,,,,,RTE: 123 SCHD: 2:59,--> O: 07:52 AM > L: 10:51 AM,RTE: 123 SCHD: 7:21,--> L: 11:25 AM > I: 06:46 PM,,,,,,,,,,,,,,,,,,
Victory BusSunday502,Victory Bus,3-01-2026,Sunday,01:52 PM,1Hrs 56Min,6960,502,2023-10-11 08:39 AM,,2023-10-11 7:52 PM,10.4,10.4,,123,4686,O,08:52 AM,I,11:56 AM,3:04,184,1:42,123,4690,O,01:52 PM,CG,04:55 PM,3:03,183,,125,4690,CG,04:55 PM,I,07:50 PM,2:55,175,"['08:52 AM', '11:56 AM', '01:52 PM', '07:50 PM', '1Hrs 56Min', 6960]","['08:52 AM', '11:56 AM', '01:52 PM', '07:50 PM', '1Hrs 56Min', 6960]",,,,,,,,,,,,,,,,,,,,,,,,,,,,,,,,,,,,,,,,,,,,,,,,,,,,,,,,,,,,,,RTE: 123 SCHD: 3:04,--> O: 08:52 AM > I: 11:56 AM,RTE: 123 SCHD: 3:03,--> O: 01:52 PM > CG: 04:55 PM,RTE: 125 SCHD: 2:55,--> CG: 04:55 PM > I: 07:50 PM,,,,,,,,,,,,,,,,
Victory BusSunday503,Victory Bus,3-01-2026,Sunday,,,,503,2023-10-11 10:00 AM,,2023-10-11 8:48 PM,10.1,10.1,,123,4687,O,10:13 AM,L,01:48 PM,3:35,215,,123,4687,L,02:45 PM,CG,02:45 PM,0:00,0,,114,4687,CG,02:45 PM,I,08:46 PM,6:01,361,"['10:13 AM', '01:48 PM', '02:45 PM', '08:46 PM', '0Hrs 57Min', 3420]","['10:13 AM', '01:48 PM', '02:45 PM', '08:46 PM', '0Hrs 57Min', 3420]",,,,,,,,,,,,,,,,,,,,,,,,,,,,,,,,,,,,,,,,,,,,,,,,,,,,,,,,,,,,,,RTE: 123 SCHD: 3:35,--> O: 10:13 AM > L: 01:48 PM,RTE: 123 SCHD: 0:00,--> L: 02:45 PM > CG: 02:45 PM,RTE: 114 SCHD: 6:01,--> CG: 02:45 PM > I: 08:46 PM,,,,,,,,,,,,,,,,
Victory BusSunday504,Victory Bus,3-01-2026,Sunday,,,,504,2023-10-11 10:39 AM,,2023-10-11 10:23 PM,11.1,11.1,,123,4688,O,10:52 AM,L,02:23 PM,3:31,211,,123,4688,L,02:55 PM,I,10:21 PM,7:26,446,"['10:52 AM', '02:23 PM', '02:55 PM', '10:21 PM', '0Hrs 32Min', 1920]","['10:52 AM', '02:23 PM', '02:55 PM', '10:21 PM', '0Hrs 32Min', 1920]",,,,,,,,,,,,,,,,,,,,,,,,,,,,,,,,,,,,,,,,,,,,,,,,,,,,,,,,,,,,,,,,,,,,,,,RTE: 123 SCHD: 3:31,--> O: 10:52 AM > L: 02:23 PM,RTE: 123 SCHD: 7:26,--> L: 02:55 PM > I: 10:21 PM,,,,,,,,,,,,,,,,,,
Victory BusSunday526,Victory Bus,3-01-2026,Sunday,,,,526,2023-10-11 05:32 AM,,2023-10-11 1:56 PM,7.7,8.0,,125,4701,O,05:45 AM,L,10:06 AM,4:21,261,,125,4701,L,11:00 AM,I,01:54 PM,2:54,174,"['05:45 AM', '10:06 AM', '11:00 AM', '01:54 PM', '0Hrs 54Min', 3240]","['05:45 AM', '10:06 AM', '11:00 AM', '01:54 PM', '0Hrs 54Min', 3240]",,,,,,,,,,,,,,,,,,,,,,,,,,,,,,,,,,,,,,,,,,,,,,,,,,,,,,,,,,,,,,,,,,,,,,,RTE: 125 SCHD: 4:21,--> O: 05:45 AM > L: 10:06 AM,RTE: 125 SCHD: 2:54,--> L: 11:00 AM > I: 01:54 PM,,,,,,,,,,,,,,,,,,
Victory BusSunday527,Victory Bus,3-01-2026,Sunday,,,,527,2023-10-11 06:12 AM,,2023-10-11 3:59 PM,9.1,9.1,,125,4702,O,06:25 AM,L,09:03 AM,2:38,158,,125,4702,L,10:00 AM,I,03:57 PM,5:57,357,"['06:25 AM', '09:03 AM', '10:00 AM', '03:57 PM', '0Hrs 57Min', 3420]","['06:25 AM', '09:03 AM', '10:00 AM', '03:57 PM', '0Hrs 57Min', 3420]",,,,,,,,,,,,,,,,,,,,,,,,,,,,,,,,,,,,,,,,,,,,,,,,,,,,,,,,,,,,,,,,,,,,,,,RTE: 125 SCHD: 2:38,--> O: 06:25 AM > L: 09:03 AM,RTE: 125 SCHD: 5:57,--> L: 10:00 AM > I: 03:57 PM,,,,,,,,,,,,,,,,,,
Victory BusSunday528,Victory Bus,3-01-2026,Sunday,,,,528,2023-10-11 06:42 AM,,2023-10-11 4:36 PM,9.2,9.2,,125,4703,O,06:55 AM,L,12:30 PM,5:35,335,,125,4703,L,02:05 PM,CG,02:05 PM,0:00,0,,104,4703,CG,02:05 PM,I,04:34 PM,2:29,149,"['06:55 AM', '12:30 PM', '02:05 PM', '04:34 PM', '1Hrs 35Min', 5700]","['06:55 AM', '12:30 PM', '02:05 PM', '04:34 PM', '1Hrs 35Min', 5700]",,,,,,,,,,,,,,,,,,,,,,,,,,,,,,,,,,,,,,,,,,,,,,,,,,,,,,,,,,,,,,RTE: 125 SCHD: 5:35,--> O: 06:55 AM > L: 12:30 PM,RTE: 125 SCHD: 0:00,--> L: 02:05 PM > CG: 02:05 PM,RTE: 104 SCHD: 2:29,--> CG: 02:05 PM > I: 04:34 PM,,,,,,,,,,,,,,,,
Victory BusSunday529,Victory Bus,3-01-2026,Sunday,12:22 PM,1Hrs 54Min,6840,529,2023-10-11 07:17 AM,,2023-10-11 7:25 PM,11.3,11.3,,125,4704,O,07:30 AM,I,10:28 AM,2:58,178,12:12,123,4689,O,12:22 PM,CG,05:00 PM,4:38,278,,111,4689,CG,05:00 PM,I,07:23 PM,2:23,143,"['07:30 AM', '10:28 AM', '12:22 PM', '07:23 PM', '1Hrs 54Min', 6840]","['07:30 AM', '10:28 AM', '12:22 PM', '07:23 PM', '1Hrs 54Min', 6840]",,,,,,,,,,,,,,,,,,,,,,,,,,,,,,,,,,,,,,,,,,,,,,,,,,,,,,,,,,,,,,RTE: 125 SCHD: 2:58,--> O: 07:30 AM > I: 10:28 AM,RTE: 123 SCHD: 4:38,--> O: 12:22 PM > CG: 05:00 PM,RTE: 111 SCHD: 2:23,--> CG: 05:00 PM > I: 07:23 PM,,,,,,,,,,,,,,,,
Victory BusSunday530,Victory Bus,3-01-2026,Sunday,,,,530,2023-10-11 07:22 AM,,2023-10-11 6:41 PM,10.6,10.6,,125,4705,O,07:35 AM,L,01:17 PM,5:42,342,,125,4705,L,02:45 PM,CG,02:45 PM,0:00,0,,108,4705,CG,02:45 PM,I,06:39 PM,3:54,234,"['07:35 AM', '01:17 PM', '02:45 PM', '06:39 PM', '1Hrs 28Min', 5280]","['07:35 AM', '01:17 PM', '02:45 PM', '06:39 PM', '1Hrs 28Min', 5280]",,,,,,,,,,,,,,,,,,,,,,,,,,,,,,,,,,,,,,,,,,,,,,,,,,,,,,,,,,,,,,RTE: 125 SCHD: 5:42,--> O: 07:35 AM > L: 01:17 PM,RTE: 125 SCHD: 0:00,--> L: 02:45 PM > CG: 02:45 PM,RTE: 108 SCHD: 3:54,--> CG: 02:45 PM > I: 06:39 PM,,,,,,,,,,,,,,,,
Victory BusSunday531,Victory Bus,3-01-2026,Sunday,,,,531,2023-10-11 08:19 AM,,2023-10-11 6:53 PM,9.9,9.9,,125,4706,O,08:32 AM,L,11:15 AM,2:43,163,,125,4706,L,12:00 PM,CG,04:54 PM,4:54,294,,123,4706,CG,04:54 PM,I,06:51 PM,1:57,117,"['08:32 AM', '11:15 AM', '12:00 PM', '06:51 PM', '0Hrs 45Min', 2700]","['08:32 AM', '11:15 AM', '12:00 PM', '06:51 PM', '0Hrs 45Min', 2700]",,,,,,,,,,,,,,,,,,,,,,,,,,,,,,,,,,,,,,,,,,,,,,,,,,,,,,,,,,,,,,RTE: 125 SCHD: 2:43,--> O: 08:32 AM > L: 11:15 AM,RTE: 125 SCHD: 4:54,--> L: 12:00 PM > CG: 04:54 PM,RTE: 123 SCHD: 1:57,--> CG: 04:54 PM > I: 06:51 PM,,,,,,,,,,,,,,,,
Victory BusSunday532,Victory Bus,3-01-2026,Sunday,,,,532,2023-10-11 01:17 PM,,2023-10-11 11:15 PM,9.3,9.3,,125,4707,O,01:30 PM,L,05:22 PM,3:52,232,,125,4707,L,05:55 PM,I,11:13 PM,5:18,318,"['01:30 PM', '05:22 PM', '05:55 PM', '11:13 PM', '0Hrs 33Min', 1980]","['01:30 PM', '05:22 PM', '05:55 PM', '11:13 PM', '0Hrs 33Min', 1980]",,,,,,,,,,,,,,,,,,,,,,,,,,,,,,,,,,,,,,,,,,,,,,,,,,,,,,,,,,,,,,,,,,,,,,,RTE: 125 SCHD: 3:52,--> O: 01:30 PM > L: 05:22 PM,RTE: 125 SCHD: 5:18,--> L: 05:55 PM > I: 11:13 PM,,,,,,,,,,,,,,,,,,
Victory BusSunday533,Victory Bus,3-01-2026,Sunday,,,,533,2023-10-11 03:17 PM,,2023-10-11 11:46 PM,7.8,8.0,,125,4708,O,03:30 PM,L,06:53 PM,3:23,203,,125,4708,L,07:21 PM,I,11:44 PM,4:23,263,"['03:30 PM', '06:53 PM', '07:21 PM', '11:44 PM', '0Hrs 28Min', 1680]","['03:30 PM', '06:53 PM', '07:21 PM', '11:44 PM', '0Hrs 28Min', 1680]",,,,,,,,,,,,,,,,,,,,,,,,,,,,,,,,,,,,,,,,,,,,,,,,,,,,,,,,,,,,,,,,,,,,,,,RTE: 125 SCHD: 3:23,--> O: 03:30 PM > L: 06:53 PM,RTE: 125 SCHD: 4:23,--> L: 07:21 PM > I: 11:44 PM,,,,,,,,,,,,,,,,,,
Victory BusSunday534,Victory Bus,3-01-2026,Sunday,,,,534,2023-10-11 03:31 PM,,2023-10-12 12:46 AM,8.6,8.6,,125,4709,O,03:44 PM,L,05:32 PM,1:48,108,,125,4709,L,06:30 PM,I,12:44 AM,6:14,374,"['03:44 PM', '05:32 PM', '06:30 PM', '12:44 AM', '0Hrs 58Min', 3480]","['03:44 PM', '05:32 PM', '06:30 PM', '12:44 AM', '0Hrs 58Min', 3480]",,,,,,,,,,,,,,,,,,,,,,,,,,,,,,,,,,,,,,,,,,,,,,,,,,,,,,,,,,,,,,,,,,,,,,,RTE: 125 SCHD: 1:48,--> O: 03:44 PM > L: 05:32 PM,RTE: 125 SCHD: 6:14,--> L: 06:30 PM > I: 12:44 AM,,,,,,,,,,,,,,,,,,
Victory BusSunday556,Victory Bus,3-01-2026,Sunday,,,,556,2023-10-11 05:37 AM,,2023-10-11 3:48 PM,9.7,9.7,,126,4781,O,05:50 AM,L,08:39 AM,2:49,169,,126,4781,L,08:57 AM,I,03:46 PM,6:49,409,"['05:50 AM', '08:39 AM', '08:57 AM', '03:46 PM', '0Hrs 18Min', 1080]","['05:50 AM', '08:39 AM', '08:57 AM', '03:46 PM', '0Hrs 18Min', 1080]",,,,,,,,,,,,,,,,,,,,,,,,,,,,,,,,,,,,,,,,,,,,,,,,,,,,,,,,,,,,,,,,,,,,,,,RTE: 126 SCHD: 2:49,--> O: 05:50 AM > L: 08:39 AM,RTE: 126 SCHD: 6:49,--> L: 08:57 AM > I: 03:46 PM,,,,,,,,,,,,,,,,,,
